url,status,content_type,bytes,local_path
https://afo.birdlife.org.au/afo/public/journals/1/birdlife-australia.png?v=2,200,image/png,11993,raw/afo/public/journals/1/birdlife-australia.png__q_5e1f15b6b0
https://afo.birdlife.org.au/afo/public/journals/1/side-1.jpg,200,image/jpeg,59562,raw/afo/public/journals/1/side-1.jpg
https://afo.birdlife.org.au/afo/public/journals/1/side-2.jpg,200,image/jpeg,79421,raw/afo/public/journals/1/side-2.jpg
https://afo.birdlife.org.au/afo/public/journals/1/side-3.jpg,200,image/jpeg,215311,raw/afo/public/journals/1/side-3.jpg
https://afo.birdlife.org.au/afo/public/journals/1/side-4.jpg,200,image/jpeg,345930,raw/afo/public/journals/1/side-4.jpg
https://afo.birdlife.org.au/afo/public/journals/1/side-5.jpg,200,image/jpeg,335113,raw/afo/public/journals/1/side-5.jpg
https://afo.birdlife.org.au/afo/public/journals/1/side-6.jpg,200,image/jpeg,348976,raw/afo/public/journals/1/side-6.jpg
https://afo.birdlife.org.au/afo/public/journals/1/side-7.jpg,200,image/jpeg,129177,raw/afo/public/journals/1/side-7.jpg
https://afo.birdlife.org.au/afo/public/journals/1/side-8.jpg,200,image/jpeg,186360,raw/afo/public/journals/1/side-8.jpg
https://afo.birdlife.org.au/afo/public/journals/1/side-9.jpg,200,image/jpeg,368361,raw/afo/public/journals/1/side-9.jpg
https://afo.birdlife.org.au/afo/public/journals/1/side-10.jpg,200,image/jpeg,322089,raw/afo/public/journals/1/side-10.jpg
https://afo.birdlife.org.au/afo/public/journals/1/side-11.jpg,200,image/jpeg,268453,raw/afo/public/journals/1/side-11.jpg
https://afo.birdlife.org.au/afo/public/journals/1/side-12.jpg,200,image/jpeg,381249,raw/afo/public/journals/1/side-12.jpg
https://afo.birdlife.org.au/afo/public/journals/1/side-13.jpg,200,image/jpeg,346363,raw/afo/public/journals/1/side-13.jpg
https://afo.birdlife.org.au/afo/public/journals/1/side-14.jpg,200,image/jpeg,293613,raw/afo/public/journals/1/side-14.jpg
https://afo.birdlife.org.au/afo/lib/pkp/styles/pkp.css,200,text/css,472,raw/afo/lib/pkp/styles/pkp.css
https://afo.birdlife.org.au/afo/lib/pkp/styles/common.css,200,text/css,6334,raw/afo/lib/pkp/styles/common.css
https://afo.birdlife.org.au/afo/styles/common.css?v=68,200,text/css,11406,raw/afo/styles/common.css__q_a55f3ea970
https://afo.birdlife.org.au/afo/styles/compiled.css,200,text/css,39881,raw/afo/styles/compiled.css
https://afo.birdlife.org.au/afo/styles/sidebar.css,200,text/css,758,raw/afo/styles/sidebar.css
https://afo.birdlife.org.au/afo/styles/leftSidebar.css,200,text/css,758,raw/afo/styles/leftSidebar.css
https://afo.birdlife.org.au/afo/plugins/themes/steel/steel.css,200,text/css,4077,raw/afo/plugins/themes/steel/steel.css
https://afo.birdlife.org.au/afo/styles/kieran.css,200,text/css,685,raw/afo/styles/kieran.css
https://afo.birdlife.org.au/afo/styles/planticle.css?g,200,text/css,201,raw/afo/styles/planticle.css__q_b2f5ff4743
https://afo.birdlife.org.au/afo/lib/pkp/js/lib/jquery/plugins/jquery.tag-it.js,200,text/javascript,12452,raw/afo/lib/pkp/js/lib/jquery/plugins/jquery.tag-it.js
https://afo.birdlife.org.au/afo/lib/pkp/js/lib/jquery/plugins/jquery.cookie.js,200,text/javascript,3989,raw/afo/lib/pkp/js/lib/jquery/plugins/jquery.cookie.js
https://afo.birdlife.org.au/afo/lib/pkp/js/functions/fontController.js,200,text/javascript,3912,raw/afo/lib/pkp/js/functions/fontController.js
https://afo.birdlife.org.au/afo/lib/pkp/js/functions/general.js,200,text/javascript,3854,raw/afo/lib/pkp/js/functions/general.js
https://afo.birdlife.org.au/afo/lib/pkp/js/functions/jqueryValidatorI18n.js,200,text/javascript,1050,raw/afo/lib/pkp/js/functions/jqueryValidatorI18n.js
https://afo.birdlife.org.au/afo/lib/pkp/js/classes/Helper.js,200,text/javascript,10740,raw/afo/lib/pkp/js/classes/Helper.js
https://afo.birdlife.org.au/afo/lib/pkp/js/classes/ObjectProxy.js,200,text/javascript,4597,raw/afo/lib/pkp/js/classes/ObjectProxy.js
https://afo.birdlife.org.au/afo/lib/pkp/js/classes/Handler.js,200,text/javascript,15884,raw/afo/lib/pkp/js/classes/Handler.js
https://afo.birdlife.org.au/afo/lib/pkp/js/classes/linkAction/LinkActionRequest.js,200,text/javascript,3580,raw/afo/lib/pkp/js/classes/linkAction/LinkActionRequest.js
https://afo.birdlife.org.au/afo/lib/pkp/js/classes/features/Feature.js,200,text/javascript,3680,raw/afo/lib/pkp/js/classes/features/Feature.js
https://afo.birdlife.org.au/afo/lib/pkp/js/controllers/SiteHandler.js,200,text/javascript,14523,raw/afo/lib/pkp/js/controllers/SiteHandler.js
https://afo.birdlife.org.au/afo/lib/pkp/js/controllers/UrlInDivHandler.js,200,text/javascript,2018,raw/afo/lib/pkp/js/controllers/UrlInDivHandler.js
https://afo.birdlife.org.au/afo/lib/pkp/js/controllers/AutocompleteHandler.js,200,text/javascript,6061,raw/afo/lib/pkp/js/controllers/AutocompleteHandler.js
https://afo.birdlife.org.au/afo/lib/pkp/js/controllers/ExtrasOnDemandHandler.js,200,text/javascript,5889,raw/afo/lib/pkp/js/controllers/ExtrasOnDemandHandler.js
https://afo.birdlife.org.au/afo/lib/pkp/js/controllers/form/FormHandler.js,200,text/javascript,12332,raw/afo/lib/pkp/js/controllers/form/FormHandler.js
https://afo.birdlife.org.au/afo/lib/pkp/js/controllers/form/AjaxFormHandler.js,200,text/javascript,4237,raw/afo/lib/pkp/js/controllers/form/AjaxFormHandler.js
https://afo.birdlife.org.au/afo/lib/pkp/js/controllers/form/ClientFormHandler.js,200,text/javascript,1982,raw/afo/lib/pkp/js/controllers/form/ClientFormHandler.js
https://afo.birdlife.org.au/afo/lib/pkp/js/controllers/grid/GridHandler.js,200,text/javascript,21470,raw/afo/lib/pkp/js/controllers/grid/GridHandler.js
https://afo.birdlife.org.au/afo/lib/pkp/js/controllers/linkAction/LinkActionHandler.js,200,text/javascript,8670,raw/afo/lib/pkp/js/controllers/linkAction/LinkActionHandler.js
https://afo.birdlife.org.au/afo/js/pages/search/SearchFormHandler.js,200,text/javascript,2318,raw/afo/js/pages/search/SearchFormHandler.js
https://afo.birdlife.org.au/afo/js/statistics/ReportGeneratorFormHandler.js,200,text/javascript,17275,raw/afo/js/statistics/ReportGeneratorFormHandler.js
https://afo.birdlife.org.au/afo/plugins/generic/lucene/js/LuceneAutocompleteHandler.js,200,text/javascript,2211,raw/afo/plugins/generic/lucene/js/LuceneAutocompleteHandler.js
https://afo.birdlife.org.au/afo/lib/pkp/js/lib/jquery/plugins/jquery.pkp.js,200,text/javascript,2298,raw/afo/lib/pkp/js/lib/jquery/plugins/jquery.pkp.js
https://afo.birdlife.org.au/afo/lib/pkp/js/lib/jquery/plugins/validate/jquery.validate.js,200,text/javascript,36526,raw/afo/lib/pkp/js/lib/jquery/plugins/validate/jquery.validate.js
https://afo.birdlife.org.au/afo/public/site/AFO-Guidelines-for-Authors.pdf,200,application/pdf,160352,raw/afo/public/site/AFO-Guidelines-for-Authors.pdf
https://afo.birdlife.org.au/afo/public/site/AFO-policies-2024.pdf,200,application/pdf,180575,raw/afo/public/site/AFO-policies-2024.pdf
https://afo.birdlife.org.au/documents/AFO-Guidelines-for-Authors.pdf,200,application/pdf,160352,raw/documents/AFO-Guidelines-for-Authors.pdf
https://afo.birdlife.org.au/afo/public/journals/1/birdlife-australia.png,200,image/png,11993,raw/afo/public/journals/1/birdlife-australia.png
https://afo.birdlife.org.au/afo/styles/common.css?v=5,200,text/css,11406,raw/afo/styles/common.css__q_ae5258098b
https://afo.birdlife.org.au/afo/js/relatedItems.js,200,text/javascript,816,raw/afo/js/relatedItems.js
https://afo.birdlife.org.au/afo/js/inlinePdf.js,200,text/javascript,1421,raw/afo/js/inlinePdf.js
https://afo.birdlife.org.au/afo/js/pdfobject.js,200,text/javascript,1896,raw/afo/js/pdfobject.js
https://afo.birdlife.org.au/afo/index.php/afo/article/download/2413/2447,200,application/pdf,864902,raw/afo/index.php/afo/article/download/2413/2447.html
https://afo.birdlife.org.au/afo/index.php/afo/article/download/2412/2446,200,application/pdf,444709,raw/afo/index.php/afo/article/download/2412/2446.html
https://afo.birdlife.org.au/afo/index.php/afo/article/download/2411/2445,200,application/pdf,6558080,raw/afo/index.php/afo/article/download/2411/2445.html
https://afo.birdlife.org.au/afo/index.php/afo/article/download/2410/2444,200,application/pdf,1684112,raw/afo/index.php/afo/article/download/2410/2444.html
https://afo.birdlife.org.au/afo/index.php/afo/article/download/2409/2443,200,application/pdf,3818742,raw/afo/index.php/afo/article/download/2409/2443.html
https://afo.birdlife.org.au/afo/index.php/afo/article/download/2408/2442,200,application/pdf,1250856,raw/afo/index.php/afo/article/download/2408/2442.html
https://afo.birdlife.org.au/afo/index.php/afo/article/download/2407/2441,200,application/pdf,858522,raw/afo/index.php/afo/article/download/2407/2441.html
https://afo.birdlife.org.au/afo/index.php/afo/article/download/2406/2440,200,application/pdf,1333268,raw/afo/index.php/afo/article/download/2406/2440.html
https://afo.birdlife.org.au/afo/index.php/afo/article/download/2405/2439,200,application/pdf,1228195,raw/afo/index.php/afo/article/download/2405/2439.html
https://afo.birdlife.org.au/afo/index.php/afo/article/download/2404/2438,200,application/pdf,7452423,raw/afo/index.php/afo/article/download/2404/2438.html
https://afo.birdlife.org.au/afo/index.php/afo/article/download/2403/2437,200,application/pdf,2120342,raw/afo/index.php/afo/article/download/2403/2437.html
https://afo.birdlife.org.au/afo/index.php/afo/article/download/2402/2436,200,application/pdf,191010,raw/afo/index.php/afo/article/download/2402/2436.html
https://afo.birdlife.org.au/afo/index.php/afo/article/download/2401/2435,200,application/pdf,241029,raw/afo/index.php/afo/article/download/2401/2435.html
https://afo.birdlife.org.au/afo/index.php/afo/article/download/2400/2434,200,application/pdf,1667237,raw/afo/index.php/afo/article/download/2400/2434.html
https://afo.birdlife.org.au/afo/index.php/afo/article/download/2399/2433,200,application/pdf,408276,raw/afo/index.php/afo/article/download/2399/2433.html
https://afo.birdlife.org.au/afo/index.php/afo/article/download/2398/2432,200,application/pdf,356109,raw/afo/index.php/afo/article/download/2398/2432.html
https://afo.birdlife.org.au/afo/index.php/afo/article/download/2397/2431,200,application/pdf,1306996,raw/afo/index.php/afo/article/download/2397/2431.html
https://afo.birdlife.org.au/afo/index.php/afo/article/download/2396/2430,200,application/pdf,706595,raw/afo/index.php/afo/article/download/2396/2430.html
https://afo.birdlife.org.au/afo/index.php/afo/article/download/2395/2429,200,application/pdf,2085373,raw/afo/index.php/afo/article/download/2395/2429.html
https://afo.birdlife.org.au/afo/index.php/afo/article/download/2394/2428,200,application/pdf,2109495,raw/afo/index.php/afo/article/download/2394/2428.html
https://afo.birdlife.org.au/afo/index.php/afo/article/download/2393/2427,200,application/pdf,1443050,raw/afo/index.php/afo/article/download/2393/2427.html
https://afo.birdlife.org.au/afo/index.php/afo/article/download/2391/2425,200,application/pdf,998612,raw/afo/index.php/afo/article/download/2391/2425.html
https://afo.birdlife.org.au/afo/index.php/afo/article/download/2390/2424,200,application/pdf,1883849,raw/afo/index.php/afo/article/download/2390/2424.html
https://afo.birdlife.org.au/afo/index.php/afo/article/download/2389/2423,200,application/pdf,333601,raw/afo/index.php/afo/article/download/2389/2423.html
https://afo.birdlife.org.au/afo/index.php/afo/article/download/2388/2422,200,application/pdf,2770200,raw/afo/index.php/afo/article/download/2388/2422.html
https://afo.birdlife.org.au/afo/index.php/afo/article/download/2392/2426,200,application/pdf,1788099,raw/afo/index.php/afo/article/download/2392/2426.html
https://afo.birdlife.org.au/afo/lib/pkp/templates/images/icons/checked.gif,200,image/gif,90,raw/afo/lib/pkp/templates/images/icons/checked.gif
https://afo.birdlife.org.au/afo/index.php/afo/article/view/2284/2310,200,application/vnd.openxmlformats-officedocument.spreadsheetml.sheet,22111,raw/afo/index.php/afo/article/view/2284/2310.html
https://afo.birdlife.org.au/afo/index.php/afo/article/view/2053/2064,200,application/vnd.openxmlformats-officedocument.spreadsheetml.sheet,22331,raw/afo/index.php/afo/article/view/2053/2064.html
https://afo.birdlife.org.au/afo/index.php/afo/article/view/2053/2057,200,application/vnd.openxmlformats-officedocument.spreadsheetml.sheet,21581,raw/afo/index.php/afo/article/view/2053/2057.html
https://afo.birdlife.org.au/afo/index.php/afo/article/download/2387/2421,200,application/pdf,1674872,raw/afo/index.php/afo/article/download/2387/2421.html
https://afo.birdlife.org.au/afo/index.php/afo/article/download/2386/2420,200,application/pdf,1069756,raw/afo/index.php/afo/article/download/2386/2420.html
https://afo.birdlife.org.au/afo/index.php/afo/article/download/2385/2419,200,application/pdf,1391326,raw/afo/index.php/afo/article/download/2385/2419.html
https://afo.birdlife.org.au/afo/index.php/afo/article/download/2384/2418,200,application/pdf,1646741,raw/afo/index.php/afo/article/download/2384/2418.html
https://afo.birdlife.org.au/afo/index.php/afo/article/download/2383/2417,200,application/pdf,1304486,raw/afo/index.php/afo/article/download/2383/2417.html
https://afo.birdlife.org.au/afo/index.php/afo/article/download/2382/2416,200,application/pdf,944628,raw/afo/index.php/afo/article/download/2382/2416.html
https://afo.birdlife.org.au/afo/index.php/afo/article/download/2379/2411,200,application/pdf,973928,raw/afo/index.php/afo/article/download/2379/2411.html
https://afo.birdlife.org.au/afo/index.php/afo/article/download/2380/2415,200,application/pdf,5883638,raw/afo/index.php/afo/article/download/2380/2415.html
https://afo.birdlife.org.au/afo/index.php/afo/article/download/2381/2413,200,application/pdf,6695182,raw/afo/index.php/afo/article/download/2381/2413.html
https://afo.birdlife.org.au/afo/index.php/afo/article/download/2378/2410,200,application/pdf,323986,raw/afo/index.php/afo/article/download/2378/2410.html
https://afo.birdlife.org.au/afo/index.php/afo/article/download/2376/2409,200,application/pdf,623802,raw/afo/index.php/afo/article/download/2376/2409.html
https://afo.birdlife.org.au/afo/index.php/afo/article/download/2377/2408,200,application/pdf,677229,raw/afo/index.php/afo/article/download/2377/2408.html
https://afo.birdlife.org.au/afo/index.php/afo/article/download/2375/2407,200,application/pdf,253636,raw/afo/index.php/afo/article/download/2375/2407.html
https://afo.birdlife.org.au/afo/index.php/afo/article/download/2374/2405,200,application/pdf,4180801,raw/afo/index.php/afo/article/download/2374/2405.html
https://afo.birdlife.org.au/afo/index.php/afo/article/download/2373/2404,200,application/pdf,204370,raw/afo/index.php/afo/article/download/2373/2404.html
https://afo.birdlife.org.au/afo/index.php/afo/article/download/2372/2403,200,application/pdf,294945,raw/afo/index.php/afo/article/download/2372/2403.html
https://afo.birdlife.org.au/afo/index.php/afo/article/download/2371/2402,200,application/pdf,333668,raw/afo/index.php/afo/article/download/2371/2402.html
https://afo.birdlife.org.au/afo/index.php/afo/article/download/2370/2401,200,application/pdf,2418207,raw/afo/index.php/afo/article/download/2370/2401.html
https://afo.birdlife.org.au/afo/index.php/afo/article/download/2368/2399,200,application/pdf,3470410,raw/afo/index.php/afo/article/download/2368/2399.html
https://afo.birdlife.org.au/afo/index.php/afo/article/download/2369/2400,200,application/pdf,1515591,raw/afo/index.php/afo/article/download/2369/2400.html
https://afo.birdlife.org.au/afo/index.php/afo/article/download/2367/2398,200,application/pdf,333295,raw/afo/index.php/afo/article/download/2367/2398.html
https://afo.birdlife.org.au/afo/index.php/afo/article/download/2366/2397,200,application/pdf,2364772,raw/afo/index.php/afo/article/download/2366/2397.html
https://afo.birdlife.org.au/afo/index.php/afo/article/download/2365/2396,200,application/pdf,2082823,raw/afo/index.php/afo/article/download/2365/2396.html
https://afo.birdlife.org.au/afo/index.php/afo/article/download/2364/2395,200,application/pdf,848951,raw/afo/index.php/afo/article/download/2364/2395.html
https://afo.birdlife.org.au/afo/index.php/afo/article/download/2363/2393,200,application/pdf,4845718,raw/afo/index.php/afo/article/download/2363/2393.html
https://afo.birdlife.org.au/afo/index.php/afo/article/download/2362/2394,200,application/pdf,3269114,raw/afo/index.php/afo/article/download/2362/2394.html
https://afo.birdlife.org.au/afo/index.php/afo/article/download/2361/2388,200,application/pdf,443689,raw/afo/index.php/afo/article/download/2361/2388.html
https://afo.birdlife.org.au/afo/index.php/afo/article/download/2360/2391,200,application/pdf,499524,raw/afo/index.php/afo/article/download/2360/2391.html
https://afo.birdlife.org.au/afo/index.php/afo/article/download/2359/2386,200,application/pdf,456352,raw/afo/index.php/afo/article/download/2359/2386.html
https://afo.birdlife.org.au/afo/index.php/afo/article/download/2358/2385,200,application/pdf,1451841,raw/afo/index.php/afo/article/download/2358/2385.html
https://afo.birdlife.org.au/afo/index.php/afo/article/download/2357/2384,200,application/pdf,750300,raw/afo/index.php/afo/article/download/2357/2384.html
https://afo.birdlife.org.au/afo/index.php/afo/article/download/2356/2383,200,application/pdf,2489417,raw/afo/index.php/afo/article/download/2356/2383.html
https://afo.birdlife.org.au/afo/index.php/afo/article/download/2355/2382,200,application/pdf,2299419,raw/afo/index.php/afo/article/download/2355/2382.html
https://afo.birdlife.org.au/afo/index.php/afo/article/download/2354/2381,200,application/pdf,222007,raw/afo/index.php/afo/article/download/2354/2381.html
https://afo.birdlife.org.au/afo/index.php/afo/article/download/2353/2380,200,application/pdf,1175539,raw/afo/index.php/afo/article/download/2353/2380.html
https://afo.birdlife.org.au/afo/index.php/afo/article/download/2352/2379,200,application/pdf,1315547,raw/afo/index.php/afo/article/download/2352/2379.html
https://afo.birdlife.org.au/afo/index.php/afo/article/download/2351/2378,200,application/pdf,1853325,raw/afo/index.php/afo/article/download/2351/2378.html
https://afo.birdlife.org.au/afo/index.php/afo/article/download/2350/2377,200,application/pdf,7370938,raw/afo/index.php/afo/article/download/2350/2377.html
https://afo.birdlife.org.au/afo/index.php/afo/article/download/2349/2376,200,application/pdf,3819258,raw/afo/index.php/afo/article/download/2349/2376.html
https://afo.birdlife.org.au/afo/index.php/afo/article/download/2348/2375,200,application/pdf,838218,raw/afo/index.php/afo/article/download/2348/2375.html
https://afo.birdlife.org.au/afo/index.php/afo/article/download/2347/2374,200,application/pdf,937613,raw/afo/index.php/afo/article/download/2347/2374.html
https://afo.birdlife.org.au/afo/index.php/afo/article/download/2346/2373,200,application/pdf,222808,raw/afo/index.php/afo/article/download/2346/2373.html
https://afo.birdlife.org.au/afo/index.php/afo/article/download/2344/2372,200,application/pdf,1045620,raw/afo/index.php/afo/article/download/2344/2372.html
https://afo.birdlife.org.au/afo/index.php/afo/article/download/2343/2371,200,application/pdf,344527,raw/afo/index.php/afo/article/download/2343/2371.html
https://afo.birdlife.org.au/afo/index.php/afo/article/download/2342/2370,200,application/pdf,893252,raw/afo/index.php/afo/article/download/2342/2370.html
https://afo.birdlife.org.au/afo/index.php/afo/article/download/2341/2369,200,application/pdf,749469,raw/afo/index.php/afo/article/download/2341/2369.html
https://afo.birdlife.org.au/afo/index.php/afo/article/download/2340/2368,200,application/pdf,955351,raw/afo/index.php/afo/article/download/2340/2368.html
https://afo.birdlife.org.au/afo/index.php/afo/article/download/2339/2367,200,application/pdf,2179514,raw/afo/index.php/afo/article/download/2339/2367.html
https://afo.birdlife.org.au/afo/index.php/afo/article/download/2338/2366,200,application/pdf,1591754,raw/afo/index.php/afo/article/download/2338/2366.html
https://afo.birdlife.org.au/afo/index.php/afo/article/download/2336/2364,200,application/pdf,512417,raw/afo/index.php/afo/article/download/2336/2364.html
https://afo.birdlife.org.au/afo/index.php/afo/article/download/2335/2363,200,application/pdf,6278753,raw/afo/index.php/afo/article/download/2335/2363.html
https://afo.birdlife.org.au/afo/index.php/afo/article/download/2334/2362,200,application/pdf,3414380,raw/afo/index.php/afo/article/download/2334/2362.html
https://afo.birdlife.org.au/afo/index.php/afo/article/download/2333/2361,200,application/pdf,601104,raw/afo/index.php/afo/article/download/2333/2361.html
https://afo.birdlife.org.au/afo/index.php/afo/article/download/2332/2360,200,application/pdf,1844403,raw/afo/index.php/afo/article/download/2332/2360.html
https://afo.birdlife.org.au/afo/index.php/afo/article/download/2331/2359,200,application/pdf,4884395,raw/afo/index.php/afo/article/download/2331/2359.html
https://afo.birdlife.org.au/afo/index.php/afo/article/download/2330/2358,200,application/pdf,2112736,raw/afo/index.php/afo/article/download/2330/2358.html
https://afo.birdlife.org.au/afo/index.php/afo/article/download/2329/2357,200,application/pdf,940399,raw/afo/index.php/afo/article/download/2329/2357.html
https://afo.birdlife.org.au/afo/index.php/afo/article/download/2328/2355,200,application/pdf,1072902,raw/afo/index.php/afo/article/download/2328/2355.html
https://afo.birdlife.org.au/afo/index.php/afo/article/download/2327/2356,200,application/pdf,917525,raw/afo/index.php/afo/article/download/2327/2356.html
https://afo.birdlife.org.au/afo/index.php/afo/article/download/2326/2354,200,application/pdf,3938539,raw/afo/index.php/afo/article/download/2326/2354.html
https://afo.birdlife.org.au/afo/index.php/afo/article/download/2324/2352,200,application/pdf,830156,raw/afo/index.php/afo/article/download/2324/2352.html
https://afo.birdlife.org.au/afo/index.php/afo/article/download/2323/2351,200,application/pdf,1744354,raw/afo/index.php/afo/article/download/2323/2351.html
https://afo.birdlife.org.au/afo/index.php/afo/article/download/2322/2350,200,application/pdf,877395,raw/afo/index.php/afo/article/download/2322/2350.html
https://afo.birdlife.org.au/afo/index.php/afo/article/download/2321/2348,200,application/pdf,2564351,raw/afo/index.php/afo/article/download/2321/2348.html
https://afo.birdlife.org.au/afo/index.php/afo/article/download/2320/2347,200,application/pdf,369711,raw/afo/index.php/afo/article/download/2320/2347.html
https://afo.birdlife.org.au/afo/index.php/afo/article/download/2319/2349,200,application/pdf,664516,raw/afo/index.php/afo/article/download/2319/2349.html
https://afo.birdlife.org.au/afo/index.php/afo/article/download/2318/2346,200,application/pdf,465410,raw/afo/index.php/afo/article/download/2318/2346.html
https://afo.birdlife.org.au/afo/index.php/afo/article/download/2317/2345,200,application/pdf,2528065,raw/afo/index.php/afo/article/download/2317/2345.html
https://afo.birdlife.org.au/afo/index.php/afo/article/download/2316/2344,200,application/pdf,770002,raw/afo/index.php/afo/article/download/2316/2344.html
https://afo.birdlife.org.au/afo/index.php/afo/article/download/2315/2343,200,application/pdf,1955141,raw/afo/index.php/afo/article/download/2315/2343.html
https://afo.birdlife.org.au/afo/index.php/afo/article/download/2314/2342,200,application/pdf,1381282,raw/afo/index.php/afo/article/download/2314/2342.html
https://afo.birdlife.org.au/afo/index.php/afo/article/download/2313/2340,200,application/pdf,3076839,raw/afo/index.php/afo/article/download/2313/2340.html
https://afo.birdlife.org.au/afo/index.php/afo/article/download/2312/2339,200,application/pdf,4287795,raw/afo/index.php/afo/article/download/2312/2339.html
https://afo.birdlife.org.au/afo/index.php/afo/article/download/2311/2338,200,application/pdf,1334210,raw/afo/index.php/afo/article/download/2311/2338.html
https://afo.birdlife.org.au/afo/index.php/afo/article/download/2310/2337,200,application/pdf,1114082,raw/afo/index.php/afo/article/download/2310/2337.html
https://afo.birdlife.org.au/afo/index.php/afo/article/download/2309/2335,200,application/pdf,1016212,raw/afo/index.php/afo/article/download/2309/2335.html
https://afo.birdlife.org.au/afo/index.php/afo/article/download/2308/2387,200,application/pdf,1802894,raw/afo/index.php/afo/article/download/2308/2387.html
https://afo.birdlife.org.au/afo/index.php/afo/article/download/2307/2336,200,application/pdf,2430485,raw/afo/index.php/afo/article/download/2307/2336.html
https://afo.birdlife.org.au/afo/index.php/afo/article/download/2306/2332,200,application/pdf,4617443,raw/afo/index.php/afo/article/download/2306/2332.html
https://afo.birdlife.org.au/afo/index.php/afo/article/download/2305/2331,200,application/pdf,2503831,raw/afo/index.php/afo/article/download/2305/2331.html
https://afo.birdlife.org.au/afo/index.php/afo/article/download/2304/2330,200,application/pdf,279020,raw/afo/index.php/afo/article/download/2304/2330.html
https://afo.birdlife.org.au/afo/index.php/afo/article/download/2303/2329,200,application/pdf,706928,raw/afo/index.php/afo/article/download/2303/2329.html
https://afo.birdlife.org.au/afo/index.php/afo/article/download/2302/2328,200,application/pdf,356917,raw/afo/index.php/afo/article/download/2302/2328.html
https://afo.birdlife.org.au/afo/index.php/afo/article/download/2301/2327,200,application/pdf,2446279,raw/afo/index.php/afo/article/download/2301/2327.html
https://afo.birdlife.org.au/afo/index.php/afo/article/download/2300/2326,200,application/pdf,3061738,raw/afo/index.php/afo/article/download/2300/2326.html
https://afo.birdlife.org.au/afo/index.php/afo/article/download/2299/2325,200,application/pdf,1106717,raw/afo/index.php/afo/article/download/2299/2325.html
https://afo.birdlife.org.au/afo/index.php/afo/article/download/2298/2324,200,application/pdf,1384445,raw/afo/index.php/afo/article/download/2298/2324.html
https://afo.birdlife.org.au/afo/index.php/afo/article/download/2297/2323,200,application/pdf,529237,raw/afo/index.php/afo/article/download/2297/2323.html
https://afo.birdlife.org.au/afo/index.php/afo/article/download/2296/2322,200,application/pdf,3475300,raw/afo/index.php/afo/article/download/2296/2322.html
https://afo.birdlife.org.au/afo/index.php/afo/article/download/2295/2321,200,application/pdf,437829,raw/afo/index.php/afo/article/download/2295/2321.html
https://afo.birdlife.org.au/afo/index.php/afo/article/download/2294/2320,200,application/pdf,2138174,raw/afo/index.php/afo/article/download/2294/2320.html
https://afo.birdlife.org.au/afo/index.php/afo/article/download/2293/2319,200,application/pdf,4886034,raw/afo/index.php/afo/article/download/2293/2319.html
https://afo.birdlife.org.au/afo/index.php/afo/article/download/2292/2318,200,application/pdf,197217,raw/afo/index.php/afo/article/download/2292/2318.html
https://afo.birdlife.org.au/afo/index.php/afo/article/download/2291/2317,200,application/pdf,3277561,raw/afo/index.php/afo/article/download/2291/2317.html
https://afo.birdlife.org.au/afo/index.php/afo/article/download/2290/2316,200,application/pdf,252032,raw/afo/index.php/afo/article/download/2290/2316.html
https://afo.birdlife.org.au/afo/index.php/afo/article/download/2289/2315,200,application/pdf,1359329,raw/afo/index.php/afo/article/download/2289/2315.html
https://afo.birdlife.org.au/afo/index.php/afo/article/download/2288/2314,200,application/pdf,350195,raw/afo/index.php/afo/article/download/2288/2314.html
https://afo.birdlife.org.au/afo/index.php/afo/article/download/2287/2313,200,application/pdf,4762356,raw/afo/index.php/afo/article/download/2287/2313.html
https://afo.birdlife.org.au/afo/index.php/afo/article/download/2286/2312,200,application/pdf,3751439,raw/afo/index.php/afo/article/download/2286/2312.html
https://afo.birdlife.org.au/afo/index.php/afo/article/download/2285/2311,200,application/pdf,1210215,raw/afo/index.php/afo/article/download/2285/2311.html
https://afo.birdlife.org.au/afo/index.php/afo/article/download/2284/2308,200,application/pdf,6493136,raw/afo/index.php/afo/article/download/2284/2308.html
https://afo.birdlife.org.au/afo/index.php/afo/article/download/2283/2306,200,application/pdf,1090944,raw/afo/index.php/afo/article/download/2283/2306.html
https://afo.birdlife.org.au/afo/index.php/afo/article/download/2282/2305,200,application/pdf,2229451,raw/afo/index.php/afo/article/download/2282/2305.html
https://afo.birdlife.org.au/afo/index.php/afo/article/download/2281/2304,200,application/pdf,241941,raw/afo/index.php/afo/article/download/2281/2304.html
https://afo.birdlife.org.au/afo/index.php/afo/article/download/2280/2303,200,application/pdf,1453691,raw/afo/index.php/afo/article/download/2280/2303.html
https://afo.birdlife.org.au/afo/index.php/afo/article/download/2279/2302,200,application/pdf,6320716,raw/afo/index.php/afo/article/download/2279/2302.html
https://afo.birdlife.org.au/afo/index.php/afo/article/download/2278/2301,200,application/pdf,249506,raw/afo/index.php/afo/article/download/2278/2301.html
https://afo.birdlife.org.au/afo/index.php/afo/article/download/2277/2300,200,application/pdf,4438702,raw/afo/index.php/afo/article/download/2277/2300.html
https://afo.birdlife.org.au/afo/index.php/afo/article/download/2276/2299,200,application/pdf,1062788,raw/afo/index.php/afo/article/download/2276/2299.html
https://afo.birdlife.org.au/afo/index.php/afo/article/download/2275/2298,200,application/pdf,1826081,raw/afo/index.php/afo/article/download/2275/2298.html
https://afo.birdlife.org.au/afo/index.php/afo/article/download/2274/2297,200,application/pdf,506624,raw/afo/index.php/afo/article/download/2274/2297.html
https://afo.birdlife.org.au/afo/index.php/afo/article/download/2273/2296,200,application/pdf,1891542,raw/afo/index.php/afo/article/download/2273/2296.html
https://afo.birdlife.org.au/afo/index.php/afo/article/download/2272/2295,200,application/pdf,2994788,raw/afo/index.php/afo/article/download/2272/2295.html
https://afo.birdlife.org.au/afo/index.php/afo/article/download/2271/2294,200,application/pdf,1068606,raw/afo/index.php/afo/article/download/2271/2294.html
https://afo.birdlife.org.au/afo/index.php/afo/article/download/2270/2293,200,application/pdf,3167898,raw/afo/index.php/afo/article/download/2270/2293.html
https://afo.birdlife.org.au/afo/index.php/afo/article/download/2269/2292,200,application/pdf,867361,raw/afo/index.php/afo/article/download/2269/2292.html
https://afo.birdlife.org.au/afo/index.php/afo/article/download/2268/2291,200,application/pdf,1397627,raw/afo/index.php/afo/article/download/2268/2291.html
https://afo.birdlife.org.au/afo/index.php/afo/article/download/2267/2290,200,application/pdf,640049,raw/afo/index.php/afo/article/download/2267/2290.html
https://afo.birdlife.org.au/afo/index.php/afo/article/download/2266/2289,200,application/pdf,455350,raw/afo/index.php/afo/article/download/2266/2289.html
https://afo.birdlife.org.au/afo/index.php/afo/article/download/2265/2288,200,application/pdf,2494267,raw/afo/index.php/afo/article/download/2265/2288.html
https://afo.birdlife.org.au/afo/index.php/afo/article/download/2264/2287,200,application/pdf,201474,raw/afo/index.php/afo/article/download/2264/2287.html
https://afo.birdlife.org.au/afo/index.php/afo/article/download/2263/2286,200,application/pdf,456821,raw/afo/index.php/afo/article/download/2263/2286.html
https://afo.birdlife.org.au/afo/index.php/afo/article/download/2262/2285,200,application/pdf,8351002,raw/afo/index.php/afo/article/download/2262/2285.html
https://afo.birdlife.org.au/afo/index.php/afo/article/download/2261/2284,200,application/pdf,4192206,raw/afo/index.php/afo/article/download/2261/2284.html
https://afo.birdlife.org.au/afo/index.php/afo/article/download/2259/2282,200,application/pdf,1778310,raw/afo/index.php/afo/article/download/2259/2282.html
https://afo.birdlife.org.au/afo/index.php/afo/article/download/2258/2281,200,application/pdf,781159,raw/afo/index.php/afo/article/download/2258/2281.html
https://afo.birdlife.org.au/afo/index.php/afo/article/download/2257/2280,200,application/pdf,2449165,raw/afo/index.php/afo/article/download/2257/2280.html
https://afo.birdlife.org.au/afo/index.php/afo/article/download/2256/2279,200,application/pdf,358654,raw/afo/index.php/afo/article/download/2256/2279.html
https://afo.birdlife.org.au/afo/index.php/afo/article/download/2254/2278,200,application/pdf,3175241,raw/afo/index.php/afo/article/download/2254/2278.html
https://afo.birdlife.org.au/afo/index.php/afo/article/download/2255/2277,200,application/pdf,3891537,raw/afo/index.php/afo/article/download/2255/2277.html
https://afo.birdlife.org.au/afo/index.php/afo/article/download/2253/2275,200,application/pdf,3919564,raw/afo/index.php/afo/article/download/2253/2275.html
https://afo.birdlife.org.au/afo/index.php/afo/article/download/2252/2274,200,application/pdf,436432,raw/afo/index.php/afo/article/download/2252/2274.html
https://afo.birdlife.org.au/afo/index.php/afo/article/download/2251/2273,200,application/pdf,1627481,raw/afo/index.php/afo/article/download/2251/2273.html
https://afo.birdlife.org.au/afo/index.php/afo/article/download/2250/2272,200,application/pdf,707646,raw/afo/index.php/afo/article/download/2250/2272.html
https://afo.birdlife.org.au/afo/index.php/afo/article/download/2249/2271,200,application/pdf,2169729,raw/afo/index.php/afo/article/download/2249/2271.html
https://afo.birdlife.org.au/afo/index.php/afo/article/download/2248/2270,200,application/pdf,4941001,raw/afo/index.php/afo/article/download/2248/2270.html
https://afo.birdlife.org.au/afo/index.php/afo/article/download/2247/2269,200,application/pdf,561684,raw/afo/index.php/afo/article/download/2247/2269.html
https://afo.birdlife.org.au/afo/index.php/afo/article/download/2246/2268,200,application/pdf,7517873,raw/afo/index.php/afo/article/download/2246/2268.html
https://afo.birdlife.org.au/afo/index.php/afo/article/download/2245/2267,200,application/pdf,3080093,raw/afo/index.php/afo/article/download/2245/2267.html
https://afo.birdlife.org.au/afo/index.php/afo/article/download/2244/2266,200,application/pdf,700065,raw/afo/index.php/afo/article/download/2244/2266.html
https://afo.birdlife.org.au/afo/index.php/afo/article/download/2243/2265,200,application/pdf,399190,raw/afo/index.php/afo/article/download/2243/2265.html
https://afo.birdlife.org.au/afo/index.php/afo/article/download/2242/2264,200,application/pdf,3788763,raw/afo/index.php/afo/article/download/2242/2264.html
https://afo.birdlife.org.au/afo/index.php/afo/article/download/2241/2263,200,application/pdf,6525144,raw/afo/index.php/afo/article/download/2241/2263.html
https://afo.birdlife.org.au/afo/index.php/afo/article/download/2240/2261,200,application/pdf,3956581,raw/afo/index.php/afo/article/download/2240/2261.html
https://afo.birdlife.org.au/afo/index.php/afo/article/download/2239/2260,200,application/pdf,1567980,raw/afo/index.php/afo/article/download/2239/2260.html
https://afo.birdlife.org.au/afo/index.php/afo/article/download/2238/2259,200,application/pdf,3015338,raw/afo/index.php/afo/article/download/2238/2259.html
https://afo.birdlife.org.au/afo/index.php/afo/article/download/2237/2258,200,application/pdf,5486043,raw/afo/index.php/afo/article/download/2237/2258.html
https://afo.birdlife.org.au/afo/index.php/afo/article/download/2236/2257,200,application/pdf,3771271,raw/afo/index.php/afo/article/download/2236/2257.html
https://afo.birdlife.org.au/afo/index.php/afo/article/download/2235/2256,200,application/pdf,1598983,raw/afo/index.php/afo/article/download/2235/2256.html
https://afo.birdlife.org.au/afo/index.php/afo/article/download/2234/2255,200,application/pdf,1422241,raw/afo/index.php/afo/article/download/2234/2255.html
https://afo.birdlife.org.au/afo/index.php/afo/article/download/2233/2254,200,application/pdf,194742,raw/afo/index.php/afo/article/download/2233/2254.html
https://afo.birdlife.org.au/afo/index.php/afo/article/download/2232/2253,200,application/pdf,339272,raw/afo/index.php/afo/article/download/2232/2253.html
https://afo.birdlife.org.au/afo/index.php/afo/article/download/2231/2251,200,application/pdf,1951857,raw/afo/index.php/afo/article/download/2231/2251.html
https://afo.birdlife.org.au/afo/index.php/afo/article/download/2230/2252,200,application/pdf,1286106,raw/afo/index.php/afo/article/download/2230/2252.html
https://afo.birdlife.org.au/afo/index.php/afo/article/download/2229/2250,200,application/pdf,357789,raw/afo/index.php/afo/article/download/2229/2250.html
https://afo.birdlife.org.au/afo/index.php/afo/article/download/2228/2249,200,application/pdf,501980,raw/afo/index.php/afo/article/download/2228/2249.html
https://afo.birdlife.org.au/afo/index.php/afo/article/download/2227/2248,200,application/pdf,1620512,raw/afo/index.php/afo/article/download/2227/2248.html
https://afo.birdlife.org.au/afo/index.php/afo/article/download/2226/2247,200,application/pdf,405105,raw/afo/index.php/afo/article/download/2226/2247.html
https://afo.birdlife.org.au/afo/index.php/afo/article/download/2225/2246,200,application/pdf,951649,raw/afo/index.php/afo/article/download/2225/2246.html
https://afo.birdlife.org.au/afo/index.php/afo/article/download/2224/2244,200,application/pdf,499671,raw/afo/index.php/afo/article/download/2224/2244.html
https://afo.birdlife.org.au/afo/index.php/afo/article/download/2223/2243,200,application/pdf,1182784,raw/afo/index.php/afo/article/download/2223/2243.html
https://afo.birdlife.org.au/afo/index.php/afo/article/download/2222/2242,200,application/pdf,1028442,raw/afo/index.php/afo/article/download/2222/2242.html
https://afo.birdlife.org.au/afo/index.php/afo/article/download/2221/2241,200,application/pdf,1837088,raw/afo/index.php/afo/article/download/2221/2241.html
https://afo.birdlife.org.au/afo/index.php/afo/article/download/2220/2240,200,application/pdf,5152035,raw/afo/index.php/afo/article/download/2220/2240.html
https://afo.birdlife.org.au/afo/index.php/afo/article/download/2218/2239,200,application/pdf,747763,raw/afo/index.php/afo/article/download/2218/2239.html
https://afo.birdlife.org.au/afo/index.php/afo/article/download/2217/2238,200,application/pdf,1323740,raw/afo/index.php/afo/article/download/2217/2238.html
https://afo.birdlife.org.au/afo/index.php/afo/article/download/2216/2237,200,application/pdf,1595994,raw/afo/index.php/afo/article/download/2216/2237.html
https://afo.birdlife.org.au/afo/index.php/afo/article/download/2215/2236,200,application/pdf,4402134,raw/afo/index.php/afo/article/download/2215/2236.html
https://afo.birdlife.org.au/afo/index.php/afo/article/download/2214/2235,200,application/pdf,2301256,raw/afo/index.php/afo/article/download/2214/2235.html
https://afo.birdlife.org.au/afo/index.php/afo/article/download/2213/2234,200,application/pdf,1714246,raw/afo/index.php/afo/article/download/2213/2234.html
https://afo.birdlife.org.au/afo/index.php/afo/article/download/2212/2233,200,application/pdf,944289,raw/afo/index.php/afo/article/download/2212/2233.html
https://afo.birdlife.org.au/afo/index.php/afo/article/download/2211/2232,200,application/pdf,337896,raw/afo/index.php/afo/article/download/2211/2232.html
https://afo.birdlife.org.au/afo/index.php/afo/article/download/2210/2231,200,application/pdf,2863865,raw/afo/index.php/afo/article/download/2210/2231.html
https://afo.birdlife.org.au/afo/index.php/afo/article/download/2209/2230,200,application/pdf,679415,raw/afo/index.php/afo/article/download/2209/2230.html
https://afo.birdlife.org.au/afo/index.php/afo/article/download/2208/2262,200,application/pdf,867493,raw/afo/index.php/afo/article/download/2208/2262.html
https://afo.birdlife.org.au/afo/index.php/afo/article/download/2207/2228,200,application/pdf,3857774,raw/afo/index.php/afo/article/download/2207/2228.html
https://afo.birdlife.org.au/afo/index.php/afo/article/download/2206/2227,200,application/pdf,351948,raw/afo/index.php/afo/article/download/2206/2227.html
https://afo.birdlife.org.au/afo/index.php/afo/article/download/2205/2226,200,application/pdf,1538296,raw/afo/index.php/afo/article/download/2205/2226.html
https://afo.birdlife.org.au/afo/index.php/afo/article/download/2204/2225,200,application/pdf,869325,raw/afo/index.php/afo/article/download/2204/2225.html
https://afo.birdlife.org.au/afo/index.php/afo/article/download/2203/2224,200,application/pdf,1249773,raw/afo/index.php/afo/article/download/2203/2224.html
https://afo.birdlife.org.au/afo/index.php/afo/article/download/2202/2223,200,application/pdf,1021514,raw/afo/index.php/afo/article/download/2202/2223.html
https://afo.birdlife.org.au/afo/index.php/afo/article/download/2201/2222,200,application/pdf,2389673,raw/afo/index.php/afo/article/download/2201/2222.html
https://afo.birdlife.org.au/afo/index.php/afo/article/download/2200/2221,200,application/pdf,613015,raw/afo/index.php/afo/article/download/2200/2221.html
https://afo.birdlife.org.au/afo/index.php/afo/article/download/2199/2220,200,application/pdf,523528,raw/afo/index.php/afo/article/download/2199/2220.html
https://afo.birdlife.org.au/afo/index.php/afo/article/download/2198/2219,200,application/pdf,1111472,raw/afo/index.php/afo/article/download/2198/2219.html
https://afo.birdlife.org.au/afo/index.php/afo/article/download/2197/2218,200,application/pdf,571649,raw/afo/index.php/afo/article/download/2197/2218.html
https://afo.birdlife.org.au/afo/index.php/afo/article/download/2196/2217,200,application/pdf,3141118,raw/afo/index.php/afo/article/download/2196/2217.html
https://afo.birdlife.org.au/afo/index.php/afo/article/download/2195/2216,200,application/pdf,1291248,raw/afo/index.php/afo/article/download/2195/2216.html
https://afo.birdlife.org.au/afo/index.php/afo/article/download/2194/2215,200,application/pdf,882350,raw/afo/index.php/afo/article/download/2194/2215.html
https://afo.birdlife.org.au/afo/index.php/afo/article/download/2193/2214,200,application/pdf,633972,raw/afo/index.php/afo/article/download/2193/2214.html
https://afo.birdlife.org.au/afo/index.php/afo/article/download/2192/2213,200,application/pdf,1381219,raw/afo/index.php/afo/article/download/2192/2213.html
https://afo.birdlife.org.au/afo/index.php/afo/article/download/2191/2210,200,application/pdf,651369,raw/afo/index.php/afo/article/download/2191/2210.html
https://afo.birdlife.org.au/afo/index.php/afo/article/download/2190/2209,200,application/pdf,685420,raw/afo/index.php/afo/article/download/2190/2209.html
https://afo.birdlife.org.au/afo/index.php/afo/article/download/2189/2208,200,application/pdf,782660,raw/afo/index.php/afo/article/download/2189/2208.html
https://afo.birdlife.org.au/afo/index.php/afo/article/download/2186/2206,200,application/pdf,1992126,raw/afo/index.php/afo/article/download/2186/2206.html
https://afo.birdlife.org.au/afo/index.php/afo/article/download/2187/2207,200,application/pdf,1462540,raw/afo/index.php/afo/article/download/2187/2207.html
https://afo.birdlife.org.au/afo/index.php/afo/article/download/2185/2205,200,application/pdf,5492894,raw/afo/index.php/afo/article/download/2185/2205.html
https://afo.birdlife.org.au/afo/index.php/afo/article/download/2184/2204,200,application/pdf,4341576,raw/afo/index.php/afo/article/download/2184/2204.html
https://afo.birdlife.org.au/afo/index.php/afo/article/download/2183/2203,200,application/pdf,493486,raw/afo/index.php/afo/article/download/2183/2203.html
https://afo.birdlife.org.au/afo/index.php/afo/article/download/2182/2202,200,application/pdf,638771,raw/afo/index.php/afo/article/download/2182/2202.html
https://afo.birdlife.org.au/afo/index.php/afo/article/download/2181/2201,200,application/pdf,1246500,raw/afo/index.php/afo/article/download/2181/2201.html
https://afo.birdlife.org.au/afo/index.php/afo/article/download/2180/2200,200,application/pdf,1815006,raw/afo/index.php/afo/article/download/2180/2200.html
https://afo.birdlife.org.au/afo/index.php/afo/article/download/2179/2199,200,application/pdf,708201,raw/afo/index.php/afo/article/download/2179/2199.html
https://afo.birdlife.org.au/afo/index.php/afo/article/download/2178/2198,200,application/pdf,484164,raw/afo/index.php/afo/article/download/2178/2198.html
https://afo.birdlife.org.au/afo/index.php/afo/article/download/2177/2197,200,application/pdf,532173,raw/afo/index.php/afo/article/download/2177/2197.html
https://afo.birdlife.org.au/afo/index.php/afo/article/download/2176/2196,200,application/pdf,1532091,raw/afo/index.php/afo/article/download/2176/2196.html
https://afo.birdlife.org.au/afo/index.php/afo/article/download/2175/2195,200,application/pdf,2526673,raw/afo/index.php/afo/article/download/2175/2195.html
https://afo.birdlife.org.au/afo/index.php/afo/article/download/2174/2194,200,application/pdf,1033038,raw/afo/index.php/afo/article/download/2174/2194.html
https://afo.birdlife.org.au/afo/index.php/afo/article/download/2173/2193,200,application/pdf,755620,raw/afo/index.php/afo/article/download/2173/2193.html
https://afo.birdlife.org.au/afo/index.php/afo/article/download/2172/2192,200,application/pdf,597718,raw/afo/index.php/afo/article/download/2172/2192.html
https://afo.birdlife.org.au/afo/index.php/afo/article/download/2171/2191,200,application/pdf,427201,raw/afo/index.php/afo/article/download/2171/2191.html
https://afo.birdlife.org.au/afo/index.php/afo/article/download/2170/2190,200,application/pdf,668775,raw/afo/index.php/afo/article/download/2170/2190.html
https://afo.birdlife.org.au/afo/index.php/afo/article/download/2169/2189,200,application/pdf,1575844,raw/afo/index.php/afo/article/download/2169/2189.html
https://afo.birdlife.org.au/afo/index.php/afo/article/download/2168/2188,200,application/pdf,775130,raw/afo/index.php/afo/article/download/2168/2188.html
https://afo.birdlife.org.au/afo/index.php/afo/article/download/2167/2187,200,application/pdf,487281,raw/afo/index.php/afo/article/download/2167/2187.html
https://afo.birdlife.org.au/afo/index.php/afo/article/download/2166/2186,200,application/pdf,1395648,raw/afo/index.php/afo/article/download/2166/2186.html
https://afo.birdlife.org.au/afo/index.php/afo/article/download/2165/2185,200,application/pdf,485087,raw/afo/index.php/afo/article/download/2165/2185.html
https://afo.birdlife.org.au/afo/index.php/afo/article/download/2164/2184,200,application/pdf,868819,raw/afo/index.php/afo/article/download/2164/2184.html
https://afo.birdlife.org.au/afo/index.php/afo/article/download/2162/2182,200,application/pdf,609562,raw/afo/index.php/afo/article/download/2162/2182.html
https://afo.birdlife.org.au/afo/index.php/afo/article/download/2161/2181,200,application/pdf,413633,raw/afo/index.php/afo/article/download/2161/2181.html
https://afo.birdlife.org.au/afo/index.php/afo/article/download/2160/2180,200,application/pdf,1787948,raw/afo/index.php/afo/article/download/2160/2180.html
https://afo.birdlife.org.au/afo/index.php/afo/article/download/2159/2179,200,application/pdf,941624,raw/afo/index.php/afo/article/download/2159/2179.html
https://afo.birdlife.org.au/afo/index.php/afo/article/download/2158/2178,200,application/pdf,1127177,raw/afo/index.php/afo/article/download/2158/2178.html
https://afo.birdlife.org.au/afo/index.php/afo/article/download/2157/2177,200,application/pdf,1416768,raw/afo/index.php/afo/article/download/2157/2177.html
https://afo.birdlife.org.au/afo/index.php/afo/article/download/2156/2176,200,application/pdf,484079,raw/afo/index.php/afo/article/download/2156/2176.html
https://afo.birdlife.org.au/afo/index.php/afo/article/download/2155/2175,200,application/pdf,787275,raw/afo/index.php/afo/article/download/2155/2175.html
https://afo.birdlife.org.au/afo/index.php/afo/article/download/2154/2174,200,application/pdf,1704674,raw/afo/index.php/afo/article/download/2154/2174.html
https://afo.birdlife.org.au/afo/index.php/afo/article/download/2151/2173,200,application/pdf,1068942,raw/afo/index.php/afo/article/download/2151/2173.html
https://afo.birdlife.org.au/afo/index.php/afo/article/download/2150/2172,200,application/pdf,1364479,raw/afo/index.php/afo/article/download/2150/2172.html
https://afo.birdlife.org.au/afo/index.php/afo/article/download/2149/2171,200,application/pdf,919729,raw/afo/index.php/afo/article/download/2149/2171.html
https://afo.birdlife.org.au/afo/index.php/afo/article/download/2148/2170,200,application/pdf,484850,raw/afo/index.php/afo/article/download/2148/2170.html
https://afo.birdlife.org.au/afo/index.php/afo/article/download/2147/2169,200,application/pdf,483528,raw/afo/index.php/afo/article/download/2147/2169.html
https://afo.birdlife.org.au/afo/index.php/afo/article/download/2146/2168,200,application/pdf,728862,raw/afo/index.php/afo/article/download/2146/2168.html
https://afo.birdlife.org.au/afo/index.php/afo/article/download/2145/2167,200,application/pdf,615847,raw/afo/index.php/afo/article/download/2145/2167.html
https://afo.birdlife.org.au/afo/index.php/afo/article/download/2143/2166,200,application/pdf,1381314,raw/afo/index.php/afo/article/download/2143/2166.html
https://afo.birdlife.org.au/afo/index.php/afo/article/download/2142/2165,200,application/pdf,418898,raw/afo/index.php/afo/article/download/2142/2165.html
https://afo.birdlife.org.au/afo/index.php/afo/article/download/2141/2164,200,application/pdf,352005,raw/afo/index.php/afo/article/download/2141/2164.html
https://afo.birdlife.org.au/afo/index.php/afo/article/download/2140/2163,200,application/pdf,368640,raw/afo/index.php/afo/article/download/2140/2163.html
https://afo.birdlife.org.au/afo/index.php/afo/article/download/2139/2162,200,application/pdf,761315,raw/afo/index.php/afo/article/download/2139/2162.html
https://afo.birdlife.org.au/afo/index.php/afo/article/download/2138/2161,200,application/pdf,723850,raw/afo/index.php/afo/article/download/2138/2161.html
https://afo.birdlife.org.au/afo/index.php/afo/article/download/2137/2160,200,application/pdf,898077,raw/afo/index.php/afo/article/download/2137/2160.html
https://afo.birdlife.org.au/afo/index.php/afo/article/download/2136/2159,200,application/pdf,584420,raw/afo/index.php/afo/article/download/2136/2159.html
https://afo.birdlife.org.au/afo/index.php/afo/article/download/2135/2158,200,application/pdf,338935,raw/afo/index.php/afo/article/download/2135/2158.html
https://afo.birdlife.org.au/afo/index.php/afo/article/download/2134/2157,200,application/pdf,343017,raw/afo/index.php/afo/article/download/2134/2157.html
https://afo.birdlife.org.au/afo/index.php/afo/article/download/2133/2156,200,application/pdf,505804,raw/afo/index.php/afo/article/download/2133/2156.html
https://afo.birdlife.org.au/afo/index.php/afo/article/download/2132/2155,200,application/pdf,1660362,raw/afo/index.php/afo/article/download/2132/2155.html
https://afo.birdlife.org.au/afo/index.php/afo/article/download/2131/2154,200,application/pdf,1124716,raw/afo/index.php/afo/article/download/2131/2154.html
https://afo.birdlife.org.au/documents/BWL-BirdLife_Australia_Working_List_v2.1.xlsx,200,application/vnd.openxmlformats-officedocument.spreadsheetml.sheet,238331,raw/documents/BWL-BirdLife_Australia_Working_List_v2.1.xlsx
https://afo.birdlife.org.au/afo/index.php/afo/article/download/2130/2153,200,application/pdf,904070,raw/afo/index.php/afo/article/download/2130/2153.html
https://afo.birdlife.org.au/afo/index.php/afo/article/download/2129/2150,200,application/pdf,304364,raw/afo/index.php/afo/article/download/2129/2150.html
https://afo.birdlife.org.au/afo/index.php/afo/article/download/2128/2151,200,application/pdf,372887,raw/afo/index.php/afo/article/download/2128/2151.html
https://afo.birdlife.org.au/afo/index.php/afo/article/download/2127/2149,200,application/pdf,727934,raw/afo/index.php/afo/article/download/2127/2149.html
https://afo.birdlife.org.au/afo/index.php/afo/article/download/2126/2148,200,application/pdf,682058,raw/afo/index.php/afo/article/download/2126/2148.html
https://afo.birdlife.org.au/afo/index.php/afo/article/download/2125/2147,200,application/pdf,1089702,raw/afo/index.php/afo/article/download/2125/2147.html
https://afo.birdlife.org.au/afo/index.php/afo/article/download/2124/2146,200,application/pdf,1159338,raw/afo/index.php/afo/article/download/2124/2146.html
https://afo.birdlife.org.au/afo/index.php/afo/article/download/2123/2145,200,application/pdf,392324,raw/afo/index.php/afo/article/download/2123/2145.html
https://afo.birdlife.org.au/afo/index.php/afo/article/download/2122/2152,200,application/pdf,468847,raw/afo/index.php/afo/article/download/2122/2152.html
https://afo.birdlife.org.au/afo/index.php/afo/article/download/2121/2143,200,application/pdf,262511,raw/afo/index.php/afo/article/download/2121/2143.html
https://afo.birdlife.org.au/afo/index.php/afo/article/download/2120/2142,200,application/pdf,751260,raw/afo/index.php/afo/article/download/2120/2142.html
https://afo.birdlife.org.au/afo/index.php/afo/article/download/2118/2139,200,application/pdf,849439,raw/afo/index.php/afo/article/download/2118/2139.html
https://afo.birdlife.org.au/afo/index.php/afo/article/download/2117/2138,200,application/pdf,319916,raw/afo/index.php/afo/article/download/2117/2138.html
https://afo.birdlife.org.au/afo/index.php/afo/article/download/2116/2137,200,application/pdf,519044,raw/afo/index.php/afo/article/download/2116/2137.html
https://afo.birdlife.org.au/afo/index.php/afo/article/download/2115/2136,200,application/pdf,524261,raw/afo/index.php/afo/article/download/2115/2136.html
https://afo.birdlife.org.au/afo/index.php/afo/article/download/2114/2134,200,application/pdf,290635,raw/afo/index.php/afo/article/download/2114/2134.html
https://afo.birdlife.org.au/afo/index.php/afo/article/download/2113/2133,200,application/pdf,291562,raw/afo/index.php/afo/article/download/2113/2133.html
https://afo.birdlife.org.au/afo/index.php/afo/article/download/2112/2132,200,application/pdf,448791,raw/afo/index.php/afo/article/download/2112/2132.html
https://afo.birdlife.org.au/afo/index.php/afo/article/download/2111/2130,200,application/pdf,1979748,raw/afo/index.php/afo/article/download/2111/2130.html
https://afo.birdlife.org.au/afo/index.php/afo/article/download/2110/2131,200,application/pdf,817296,raw/afo/index.php/afo/article/download/2110/2131.html
https://afo.birdlife.org.au/afo/index.php/afo/article/download/2109/2126,200,application/pdf,743207,raw/afo/index.php/afo/article/download/2109/2126.html
https://afo.birdlife.org.au/afo/index.php/afo/article/download/2108/2125,200,application/pdf,232314,raw/afo/index.php/afo/article/download/2108/2125.html
https://afo.birdlife.org.au/afo/index.php/afo/article/download/2107/2127,200,application/pdf,206039,raw/afo/index.php/afo/article/download/2107/2127.html
https://afo.birdlife.org.au/afo/index.php/afo/article/download/2106/2123,200,application/pdf,283876,raw/afo/index.php/afo/article/download/2106/2123.html
https://afo.birdlife.org.au/afo/index.php/afo/article/download/2105/2122,200,application/pdf,353407,raw/afo/index.php/afo/article/download/2105/2122.html
https://afo.birdlife.org.au/afo/index.php/afo/article/download/2104/2121,200,application/pdf,807423,raw/afo/index.php/afo/article/download/2104/2121.html
https://afo.birdlife.org.au/afo/index.php/afo/article/download/2103/2120,200,application/pdf,459415,raw/afo/index.php/afo/article/download/2103/2120.html
https://afo.birdlife.org.au/afo/index.php/afo/article/download/2102/2119,200,application/pdf,685143,raw/afo/index.php/afo/article/download/2102/2119.html
https://afo.birdlife.org.au/afo/index.php/afo/article/download/2101/2118,200,application/pdf,525049,raw/afo/index.php/afo/article/download/2101/2118.html
https://afo.birdlife.org.au/afo/index.php/afo/article/download/2100/2117,200,application/pdf,1910109,raw/afo/index.php/afo/article/download/2100/2117.html
https://afo.birdlife.org.au/afo/index.php/afo/article/download/2099/2116,200,application/pdf,1075588,raw/afo/index.php/afo/article/download/2099/2116.html
https://afo.birdlife.org.au/afo/index.php/afo/article/download/2098/2110,200,application/pdf,684399,raw/afo/index.php/afo/article/download/2098/2110.html
https://afo.birdlife.org.au/afo/index.php/afo/article/download/2097/2111,200,application/pdf,1039224,raw/afo/index.php/afo/article/download/2097/2111.html
https://afo.birdlife.org.au/afo/index.php/afo/article/download/2096/2112,200,application/pdf,425566,raw/afo/index.php/afo/article/download/2096/2112.html
https://afo.birdlife.org.au/afo/index.php/afo/article/download/2095/2113,200,application/pdf,401168,raw/afo/index.php/afo/article/download/2095/2113.html
https://afo.birdlife.org.au/afo/index.php/afo/article/download/2094/2114,200,application/pdf,281913,raw/afo/index.php/afo/article/download/2094/2114.html
https://afo.birdlife.org.au/afo/index.php/afo/article/download/2093/2115,200,application/pdf,473307,raw/afo/index.php/afo/article/download/2093/2115.html
https://afo.birdlife.org.au/afo/index.php/afo/article/download/2092/2104,200,application/pdf,793214,raw/afo/index.php/afo/article/download/2092/2104.html
https://afo.birdlife.org.au/afo/index.php/afo/article/download/2091/2103,200,application/pdf,821411,raw/afo/index.php/afo/article/download/2091/2103.html
https://afo.birdlife.org.au/afo/index.php/afo/article/download/2090/2102,200,application/pdf,288671,raw/afo/index.php/afo/article/download/2090/2102.html
https://afo.birdlife.org.au/afo/index.php/afo/article/download/2089/2101,200,application/pdf,1662125,raw/afo/index.php/afo/article/download/2089/2101.html
https://afo.birdlife.org.au/afo/index.php/afo/article/download/2088/2100,200,application/pdf,1165336,raw/afo/index.php/afo/article/download/2088/2100.html
https://afo.birdlife.org.au/afo/index.php/afo/article/download/2087/2099,200,application/pdf,869711,raw/afo/index.php/afo/article/download/2087/2099.html
https://afo.birdlife.org.au/afo/index.php/afo/article/download/2086/2098,200,application/pdf,680975,raw/afo/index.php/afo/article/download/2086/2098.html
https://afo.birdlife.org.au/afo/index.php/afo/article/download/2085/2097,200,application/pdf,389428,raw/afo/index.php/afo/article/download/2085/2097.html
https://afo.birdlife.org.au/afo/index.php/afo/article/download/2084/2096,200,application/pdf,1086826,raw/afo/index.php/afo/article/download/2084/2096.html
https://afo.birdlife.org.au/afo/index.php/afo/article/download/2083/2095,200,application/pdf,824874,raw/afo/index.php/afo/article/download/2083/2095.html
https://afo.birdlife.org.au/afo/index.php/afo/article/download/2082/2094,200,application/pdf,1349768,raw/afo/index.php/afo/article/download/2082/2094.html
https://afo.birdlife.org.au/afo/index.php/afo/article/download/2081/2093,200,application/pdf,709693,raw/afo/index.php/afo/article/download/2081/2093.html
https://afo.birdlife.org.au/afo/index.php/afo/article/download/2080/2092,200,application/pdf,443472,raw/afo/index.php/afo/article/download/2080/2092.html
https://afo.birdlife.org.au/afo/index.php/afo/article/download/2079/2091,200,application/pdf,1809107,raw/afo/index.php/afo/article/download/2079/2091.html
https://afo.birdlife.org.au/afo/index.php/afo/article/download/2078/2090,200,application/pdf,852195,raw/afo/index.php/afo/article/download/2078/2090.html
https://afo.birdlife.org.au/afo/index.php/afo/article/download/2077/2088,200,application/pdf,526159,raw/afo/index.php/afo/article/download/2077/2088.html
https://afo.birdlife.org.au/afo/index.php/afo/article/download/2076/2089,200,application/pdf,770250,raw/afo/index.php/afo/article/download/2076/2089.html
https://afo.birdlife.org.au/afo/index.php/afo/article/download/2073/2087,200,application/pdf,1570940,raw/afo/index.php/afo/article/download/2073/2087.html
https://afo.birdlife.org.au/afo/index.php/afo/article/download/2075/2086,200,application/pdf,993405,raw/afo/index.php/afo/article/download/2075/2086.html
https://afo.birdlife.org.au/afo/index.php/afo/article/download/2074/2085,200,application/pdf,420574,raw/afo/index.php/afo/article/download/2074/2085.html
https://afo.birdlife.org.au/afo/index.php/afo/article/download/2072/2083,200,application/pdf,317974,raw/afo/index.php/afo/article/download/2072/2083.html
https://afo.birdlife.org.au/afo/index.php/afo/article/download/2071/2082,200,application/pdf,449544,raw/afo/index.php/afo/article/download/2071/2082.html
https://afo.birdlife.org.au/afo/index.php/afo/article/download/2070/2081,200,application/pdf,1290110,raw/afo/index.php/afo/article/download/2070/2081.html
https://afo.birdlife.org.au/afo/index.php/afo/article/download/2069/2080,200,application/pdf,984141,raw/afo/index.php/afo/article/download/2069/2080.html
https://afo.birdlife.org.au/afo/index.php/afo/article/download/2068/2079,200,application/pdf,697789,raw/afo/index.php/afo/article/download/2068/2079.html
https://afo.birdlife.org.au/afo/index.php/afo/article/download/2067/2078,200,application/pdf,1082405,raw/afo/index.php/afo/article/download/2067/2078.html
https://afo.birdlife.org.au/afo/index.php/afo/article/download/2066/2077,200,application/pdf,1156179,raw/afo/index.php/afo/article/download/2066/2077.html
https://afo.birdlife.org.au/afo/index.php/afo/article/download/1776/1515,200,application/pdf,2604059,raw/afo/index.php/afo/article/download/1776/1515.html
https://afo.birdlife.org.au/afo/index.php/afo/article/download/1777/1516,200,application/pdf,641651,raw/afo/index.php/afo/article/download/1777/1516.html
https://afo.birdlife.org.au/afo/index.php/afo/article/download/1778/1517,200,application/pdf,1630777,raw/afo/index.php/afo/article/download/1778/1517.html
https://afo.birdlife.org.au/afo/index.php/afo/article/download/1779/2005,200,application/pdf,1615820,raw/afo/index.php/afo/article/download/1779/2005.html
https://afo.birdlife.org.au/afo/index.php/afo/article/download/1780/2006,200,application/pdf,1188830,raw/afo/index.php/afo/article/download/1780/2006.html
https://afo.birdlife.org.au/afo/index.php/afo/article/download/1781/1520,200,application/pdf,319811,raw/afo/index.php/afo/article/download/1781/1520.html
https://afo.birdlife.org.au/afo/index.php/afo/article/download/1782/1521,200,application/pdf,558312,raw/afo/index.php/afo/article/download/1782/1521.html
https://afo.birdlife.org.au/afo/index.php/afo/article/download/1783/1522,200,application/pdf,509799,raw/afo/index.php/afo/article/download/1783/1522.html
https://afo.birdlife.org.au/afo/index.php/afo/article/download/1784/1523,200,application/pdf,266091,raw/afo/index.php/afo/article/download/1784/1523.html
https://afo.birdlife.org.au/afo/index.php/afo/article/download/1785/1524,200,application/pdf,437400,raw/afo/index.php/afo/article/download/1785/1524.html
https://afo.birdlife.org.au/afo/index.php/afo/article/download/1786/1525,200,application/pdf,447277,raw/afo/index.php/afo/article/download/1786/1525.html
https://afo.birdlife.org.au/afo/index.php/afo/article/download/1787/1526,200,application/pdf,379135,raw/afo/index.php/afo/article/download/1787/1526.html
https://afo.birdlife.org.au/afo/index.php/afo/article/download/1788/1527,200,application/pdf,368049,raw/afo/index.php/afo/article/download/1788/1527.html
https://afo.birdlife.org.au/afo/index.php/afo/article/download/1789/1528,200,application/pdf,252301,raw/afo/index.php/afo/article/download/1789/1528.html
https://afo.birdlife.org.au/afo/index.php/afo/article/download/2023/2010,200,application/pdf,533007,raw/afo/index.php/afo/article/download/2023/2010.html
https://afo.birdlife.org.au/afo/index.php/afo/article/download/2024/2013,200,application/pdf,369643,raw/afo/index.php/afo/article/download/2024/2013.html
https://afo.birdlife.org.au/afo/index.php/afo/article/download/2025/2014,200,application/pdf,2335739,raw/afo/index.php/afo/article/download/2025/2014.html
https://afo.birdlife.org.au/afo/index.php/afo/article/download/2029/2027,200,application/pdf,2038911,raw/afo/index.php/afo/article/download/2029/2027.html
https://afo.birdlife.org.au/afo/index.php/afo/article/download/2030/2028,200,application/pdf,4676389,raw/afo/index.php/afo/article/download/2030/2028.html
https://afo.birdlife.org.au/afo/index.php/afo/article/download/2030/2029,200,application/pdf,953570,raw/afo/index.php/afo/article/download/2030/2029.html
https://afo.birdlife.org.au/afo/index.php/afo/article/download/2031/2030,200,application/pdf,431739,raw/afo/index.php/afo/article/download/2031/2030.html
https://afo.birdlife.org.au/afo/index.php/afo/article/download/2032/2031,200,application/pdf,431333,raw/afo/index.php/afo/article/download/2032/2031.html
https://afo.birdlife.org.au/afo/index.php/afo/article/download/2033/2032,200,application/pdf,6604261,raw/afo/index.php/afo/article/download/2033/2032.html
https://afo.birdlife.org.au/afo/index.php/afo/article/download/2034/2033,200,application/pdf,499972,raw/afo/index.php/afo/article/download/2034/2033.html
https://afo.birdlife.org.au/afo/index.php/afo/article/download/2035/2034,200,application/pdf,1140447,raw/afo/index.php/afo/article/download/2035/2034.html
https://afo.birdlife.org.au/afo/index.php/afo/article/download/2036/2036,200,application/pdf,639394,raw/afo/index.php/afo/article/download/2036/2036.html
https://afo.birdlife.org.au/afo/index.php/afo/article/download/2037/2037,200,application/pdf,2467597,raw/afo/index.php/afo/article/download/2037/2037.html
https://afo.birdlife.org.au/afo/index.php/afo/article/download/2038/2038,200,application/pdf,781094,raw/afo/index.php/afo/article/download/2038/2038.html
https://afo.birdlife.org.au/afo/index.php/afo/article/download/2039/2040,200,application/pdf,813761,raw/afo/index.php/afo/article/download/2039/2040.html
https://afo.birdlife.org.au/afo/index.php/afo/article/download/2040/2041,200,application/pdf,381957,raw/afo/index.php/afo/article/download/2040/2041.html
https://afo.birdlife.org.au/afo/index.php/afo/article/download/2041/2042,200,application/pdf,914812,raw/afo/index.php/afo/article/download/2041/2042.html
https://afo.birdlife.org.au/afo/index.php/afo/article/download/2042/2043,200,application/pdf,1897965,raw/afo/index.php/afo/article/download/2042/2043.html
https://afo.birdlife.org.au/afo/index.php/afo/article/download/2043/2044,200,application/pdf,369693,raw/afo/index.php/afo/article/download/2043/2044.html
https://afo.birdlife.org.au/afo/index.php/afo/article/download/2044/2045,200,application/pdf,1348539,raw/afo/index.php/afo/article/download/2044/2045.html
https://afo.birdlife.org.au/afo/index.php/afo/article/download/2045/2046,200,application/pdf,1211925,raw/afo/index.php/afo/article/download/2045/2046.html
https://afo.birdlife.org.au/afo/index.php/afo/article/download/2046/2047,200,application/pdf,1769272,raw/afo/index.php/afo/article/download/2046/2047.html
https://afo.birdlife.org.au/afo/index.php/afo/article/download/2047/2048,200,application/pdf,1869892,raw/afo/index.php/afo/article/download/2047/2048.html
https://afo.birdlife.org.au/afo/index.php/afo/article/download/2048/2049,200,application/pdf,338167,raw/afo/index.php/afo/article/download/2048/2049.html
https://afo.birdlife.org.au/afo/index.php/afo/article/download/2050/2052,200,application/pdf,1029145,raw/afo/index.php/afo/article/download/2050/2052.html
https://afo.birdlife.org.au/afo/index.php/afo/article/download/2051/2053,200,application/pdf,1094804,raw/afo/index.php/afo/article/download/2051/2053.html
https://afo.birdlife.org.au/afo/index.php/afo/article/download/2052/2054,200,application/pdf,940716,raw/afo/index.php/afo/article/download/2052/2054.html
https://afo.birdlife.org.au/afo/index.php/afo/article/download/2053/2063,200,application/pdf,556060,raw/afo/index.php/afo/article/download/2053/2063.html
https://afo.birdlife.org.au/afo/index.php/afo/article/download/2054/2061,200,application/pdf,439182,raw/afo/index.php/afo/article/download/2054/2061.html
https://afo.birdlife.org.au/afo/index.php/afo/article/download/2055/2062,200,application/pdf,524502,raw/afo/index.php/afo/article/download/2055/2062.html
https://afo.birdlife.org.au/afo/index.php/afo/article/download/2056/2066,200,application/pdf,324988,raw/afo/index.php/afo/article/download/2056/2066.html
https://afo.birdlife.org.au/afo/index.php/afo/article/download/2057/2067,200,application/pdf,1315659,raw/afo/index.php/afo/article/download/2057/2067.html
https://afo.birdlife.org.au/afo/index.php/afo/article/download/2058/2068,200,application/pdf,1253066,raw/afo/index.php/afo/article/download/2058/2068.html
https://afo.birdlife.org.au/afo/index.php/afo/article/download/2059/2069,200,application/pdf,1305363,raw/afo/index.php/afo/article/download/2059/2069.html
https://afo.birdlife.org.au/afo/index.php/afo/article/download/2060/2070,200,application/pdf,646397,raw/afo/index.php/afo/article/download/2060/2070.html
https://afo.birdlife.org.au/afo/index.php/afo/article/download/2060/2072,200,application/pdf,1799037,raw/afo/index.php/afo/article/download/2060/2072.html
https://afo.birdlife.org.au/afo/index.php/afo/article/download/2061/2071,200,application/pdf,259057,raw/afo/index.php/afo/article/download/2061/2071.html
https://afo.birdlife.org.au/afo/index.php/afo/article/download/2062/2073,200,application/pdf,676840,raw/afo/index.php/afo/article/download/2062/2073.html
https://afo.birdlife.org.au/afo/index.php/afo/article/download/2063/2074,200,application/pdf,592396,raw/afo/index.php/afo/article/download/2063/2074.html
https://afo.birdlife.org.au/afo/index.php/afo/article/download/2064/2075,200,application/pdf,709255,raw/afo/index.php/afo/article/download/2064/2075.html
https://afo.birdlife.org.au/afo/index.php/afo/article/download/2065/2076,200,application/pdf,1066280,raw/afo/index.php/afo/article/download/2065/2076.html
https://afo.birdlife.org.au/afo/index.php/afo/article/download/11/2,200,application/pdf,4584850,raw/afo/index.php/afo/article/download/11/2.html
https://afo.birdlife.org.au/afo/index.php/afo/article/download/12/3,200,application/pdf,378548,raw/afo/index.php/afo/article/download/12/3.html
https://afo.birdlife.org.au/afo/index.php/afo/article/download/14/5,200,application/pdf,651517,raw/afo/index.php/afo/article/download/14/5.html
https://afo.birdlife.org.au/afo/index.php/afo/article/download/15/6,200,application/pdf,2526057,raw/afo/index.php/afo/article/download/15/6.html
https://afo.birdlife.org.au/afo/index.php/afo/article/download/16/7,200,application/pdf,896644,raw/afo/index.php/afo/article/download/16/7.html
https://afo.birdlife.org.au/afo/index.php/afo/article/download/17/8,200,application/pdf,161664,raw/afo/index.php/afo/article/download/17/8.html
https://afo.birdlife.org.au/afo/index.php/afo/article/download/18/9,200,application/pdf,366148,raw/afo/index.php/afo/article/download/18/9.html
https://afo.birdlife.org.au/afo/index.php/afo/article/download/19/10,200,application/pdf,1754280,raw/afo/index.php/afo/article/download/19/10.html
https://afo.birdlife.org.au/afo/index.php/afo/article/download/20/11,200,application/pdf,2407538,raw/afo/index.php/afo/article/download/20/11.html
https://afo.birdlife.org.au/afo/index.php/afo/article/download/21/12,200,application/pdf,867049,raw/afo/index.php/afo/article/download/21/12.html
https://afo.birdlife.org.au/afo/index.php/afo/article/download/22/13,200,application/pdf,417909,raw/afo/index.php/afo/article/download/22/13.html
https://afo.birdlife.org.au/afo/index.php/afo/article/download/23/14,200,application/pdf,224331,raw/afo/index.php/afo/article/download/23/14.html
https://afo.birdlife.org.au/afo/index.php/afo/article/download/342/329,200,application/pdf,701029,raw/afo/index.php/afo/article/download/342/329.html
https://afo.birdlife.org.au/afo/index.php/afo/article/download/343/330,200,application/pdf,4760467,raw/afo/index.php/afo/article/download/343/330.html
https://afo.birdlife.org.au/afo/index.php/afo/article/download/344/331,200,application/pdf,603493,raw/afo/index.php/afo/article/download/344/331.html
https://afo.birdlife.org.au/afo/index.php/afo/article/download/345/332,200,application/pdf,1317142,raw/afo/index.php/afo/article/download/345/332.html
https://afo.birdlife.org.au/afo/index.php/afo/article/download/346/333,200,application/pdf,255995,raw/afo/index.php/afo/article/download/346/333.html
https://afo.birdlife.org.au/afo/index.php/afo/article/download/347/334,200,application/pdf,936589,raw/afo/index.php/afo/article/download/347/334.html
https://afo.birdlife.org.au/afo/index.php/afo/article/download/348/335,200,application/pdf,549124,raw/afo/index.php/afo/article/download/348/335.html
https://afo.birdlife.org.au/afo/index.php/afo/article/download/349/336,200,application/pdf,573009,raw/afo/index.php/afo/article/download/349/336.html
https://afo.birdlife.org.au/afo/index.php/afo/article/download/350/337,200,application/pdf,1778712,raw/afo/index.php/afo/article/download/350/337.html
https://afo.birdlife.org.au/afo/index.php/afo/article/download/351/338,200,application/pdf,666994,raw/afo/index.php/afo/article/download/351/338.html
https://afo.birdlife.org.au/afo/index.php/afo/article/download/352/339,200,application/pdf,1758791,raw/afo/index.php/afo/article/download/352/339.html
https://afo.birdlife.org.au/afo/index.php/afo/article/download/353/340,200,application/pdf,304181,raw/afo/index.php/afo/article/download/353/340.html
https://afo.birdlife.org.au/afo/index.php/afo/article/download/354/341,200,application/pdf,829611,raw/afo/index.php/afo/article/download/354/341.html
https://afo.birdlife.org.au/afo/index.php/afo/article/download/355/342,200,application/pdf,383606,raw/afo/index.php/afo/article/download/355/342.html
https://afo.birdlife.org.au/afo/index.php/afo/article/download/356/343,200,application/pdf,2325335,raw/afo/index.php/afo/article/download/356/343.html
https://afo.birdlife.org.au/afo/index.php/afo/article/download/357/344,200,application/pdf,285677,raw/afo/index.php/afo/article/download/357/344.html
https://afo.birdlife.org.au/afo/index.php/afo/article/download/358/345,200,application/pdf,1455316,raw/afo/index.php/afo/article/download/358/345.html
https://afo.birdlife.org.au/afo/index.php/afo/article/download/359/346,200,application/pdf,1567264,raw/afo/index.php/afo/article/download/359/346.html
https://afo.birdlife.org.au/afo/index.php/afo/article/download/360/347,200,application/pdf,934806,raw/afo/index.php/afo/article/download/360/347.html
https://afo.birdlife.org.au/afo/index.php/afo/article/download/361/348,200,application/pdf,208850,raw/afo/index.php/afo/article/download/361/348.html
https://afo.birdlife.org.au/afo/index.php/afo/article/download/362/349,200,application/pdf,161590,raw/afo/index.php/afo/article/download/362/349.html
https://afo.birdlife.org.au/afo/index.php/afo/article/download/363/350,200,application/pdf,2288282,raw/afo/index.php/afo/article/download/363/350.html
https://afo.birdlife.org.au/afo/index.php/afo/article/download/364/351,200,application/pdf,933794,raw/afo/index.php/afo/article/download/364/351.html
https://afo.birdlife.org.au/afo/index.php/afo/article/download/365/352,200,application/pdf,784792,raw/afo/index.php/afo/article/download/365/352.html
https://afo.birdlife.org.au/afo/index.php/afo/article/download/366/353,200,application/pdf,1866649,raw/afo/index.php/afo/article/download/366/353.html
https://afo.birdlife.org.au/afo/index.php/afo/article/download/367/354,200,application/pdf,5657384,raw/afo/index.php/afo/article/download/367/354.html
https://afo.birdlife.org.au/afo/index.php/afo/article/download/368/355,200,application/pdf,577555,raw/afo/index.php/afo/article/download/368/355.html
https://afo.birdlife.org.au/afo/index.php/afo/article/download/369/356,200,application/pdf,2322802,raw/afo/index.php/afo/article/download/369/356.html
https://afo.birdlife.org.au/afo/index.php/afo/article/download/371/358,200,application/pdf,1848739,raw/afo/index.php/afo/article/download/371/358.html
https://afo.birdlife.org.au/afo/index.php/afo/article/download/373/360,200,application/pdf,228966,raw/afo/index.php/afo/article/download/373/360.html
https://afo.birdlife.org.au/afo/index.php/afo/article/download/374/361,200,application/pdf,577512,raw/afo/index.php/afo/article/download/374/361.html
https://afo.birdlife.org.au/afo/index.php/afo/article/download/375/362,200,application/pdf,204353,raw/afo/index.php/afo/article/download/375/362.html
https://afo.birdlife.org.au/afo/index.php/afo/article/download/376/363,200,application/pdf,1364911,raw/afo/index.php/afo/article/download/376/363.html
https://afo.birdlife.org.au/afo/index.php/afo/article/download/377/364,200,application/pdf,386535,raw/afo/index.php/afo/article/download/377/364.html
https://afo.birdlife.org.au/afo/index.php/afo/article/download/378/365,200,application/pdf,2763185,raw/afo/index.php/afo/article/download/378/365.html
https://afo.birdlife.org.au/afo/index.php/afo/article/download/379/366,200,application/pdf,210663,raw/afo/index.php/afo/article/download/379/366.html
https://afo.birdlife.org.au/afo/index.php/afo/article/download/443/427,200,application/pdf,309096,raw/afo/index.php/afo/article/download/443/427.html
https://afo.birdlife.org.au/afo/index.php/afo/article/download/774/758,200,application/pdf,4337004,raw/afo/index.php/afo/article/download/774/758.html
https://afo.birdlife.org.au/afo/index.php/afo/article/download/48/38,200,application/pdf,179350,raw/afo/index.php/afo/article/download/48/38.html
https://afo.birdlife.org.au/afo/index.php/afo/article/download/49/39,200,application/pdf,3191688,raw/afo/index.php/afo/article/download/49/39.html
https://afo.birdlife.org.au/afo/index.php/afo/article/download/50/40,200,application/pdf,2217465,raw/afo/index.php/afo/article/download/50/40.html
https://afo.birdlife.org.au/afo/index.php/afo/article/download/51/41,200,application/pdf,315738,raw/afo/index.php/afo/article/download/51/41.html
https://afo.birdlife.org.au/afo/index.php/afo/article/download/52/42,200,application/pdf,304147,raw/afo/index.php/afo/article/download/52/42.html
https://afo.birdlife.org.au/afo/index.php/afo/article/download/53/43,200,application/pdf,651771,raw/afo/index.php/afo/article/download/53/43.html
https://afo.birdlife.org.au/afo/index.php/afo/article/download/54/44,200,application/pdf,121225,raw/afo/index.php/afo/article/download/54/44.html
https://afo.birdlife.org.au/afo/index.php/afo/article/download/55/45,200,application/pdf,148958,raw/afo/index.php/afo/article/download/55/45.html
https://afo.birdlife.org.au/afo/index.php/afo/article/download/381/367,200,application/pdf,2105575,raw/afo/index.php/afo/article/download/381/367.html
https://afo.birdlife.org.au/afo/index.php/afo/article/download/382/428,200,application/pdf,685581,raw/afo/index.php/afo/article/download/382/428.html
https://afo.birdlife.org.au/afo/index.php/afo/article/download/383/368,200,application/pdf,533970,raw/afo/index.php/afo/article/download/383/368.html
https://afo.birdlife.org.au/afo/index.php/afo/article/download/384/369,200,application/pdf,224133,raw/afo/index.php/afo/article/download/384/369.html
https://afo.birdlife.org.au/afo/index.php/afo/article/download/385/370,200,application/pdf,179511,raw/afo/index.php/afo/article/download/385/370.html
https://afo.birdlife.org.au/afo/index.php/afo/article/download/386/371,200,application/pdf,1166830,raw/afo/index.php/afo/article/download/386/371.html
https://afo.birdlife.org.au/afo/index.php/afo/article/download/387/372,200,application/pdf,1008593,raw/afo/index.php/afo/article/download/387/372.html
https://afo.birdlife.org.au/afo/index.php/afo/article/download/63/2018,200,application/pdf,760625,raw/afo/index.php/afo/article/download/63/2018.html
https://afo.birdlife.org.au/afo/index.php/afo/article/download/64/2019,200,application/pdf,2730566,raw/afo/index.php/afo/article/download/64/2019.html
https://afo.birdlife.org.au/afo/index.php/afo/article/download/65/2020,200,application/pdf,4835831,raw/afo/index.php/afo/article/download/65/2020.html
https://afo.birdlife.org.au/afo/index.php/afo/article/download/66/2022,200,application/pdf,1229628,raw/afo/index.php/afo/article/download/66/2022.html
https://afo.birdlife.org.au/afo/index.php/afo/article/download/67/2023,200,application/pdf,193018,raw/afo/index.php/afo/article/download/67/2023.html
https://afo.birdlife.org.au/afo/index.php/afo/article/download/68/2024,200,application/pdf,461743,raw/afo/index.php/afo/article/download/68/2024.html
https://afo.birdlife.org.au/afo/index.php/afo/article/download/69/2026,200,application/pdf,216170,raw/afo/index.php/afo/article/download/69/2026.html
https://afo.birdlife.org.au/afo/index.php/afo/article/download/70/60,200,application/pdf,222970,raw/afo/index.php/afo/article/download/70/60.html
https://afo.birdlife.org.au/afo/index.php/afo/article/download/71/61,200,application/pdf,1204088,raw/afo/index.php/afo/article/download/71/61.html
https://afo.birdlife.org.au/afo/index.php/afo/article/download/72/62,200,application/pdf,1167297,raw/afo/index.php/afo/article/download/72/62.html
https://afo.birdlife.org.au/afo/index.php/afo/article/download/73/63,200,application/pdf,281084,raw/afo/index.php/afo/article/download/73/63.html
https://afo.birdlife.org.au/afo/index.php/afo/article/download/74/64,200,application/pdf,889750,raw/afo/index.php/afo/article/download/74/64.html
https://afo.birdlife.org.au/afo/index.php/afo/article/download/75/65,200,application/pdf,441862,raw/afo/index.php/afo/article/download/75/65.html
https://afo.birdlife.org.au/afo/index.php/afo/article/download/76/66,200,application/pdf,141175,raw/afo/index.php/afo/article/download/76/66.html
https://afo.birdlife.org.au/afo/index.php/afo/article/download/77/67,200,application/pdf,220105,raw/afo/index.php/afo/article/download/77/67.html
https://afo.birdlife.org.au/afo/index.php/afo/article/download/78/68,200,application/pdf,295453,raw/afo/index.php/afo/article/download/78/68.html
https://afo.birdlife.org.au/afo/index.php/afo/article/download/389/374,200,application/pdf,274671,raw/afo/index.php/afo/article/download/389/374.html
https://afo.birdlife.org.au/afo/index.php/afo/article/download/390/375,200,application/pdf,246310,raw/afo/index.php/afo/article/download/390/375.html
https://afo.birdlife.org.au/afo/index.php/afo/article/download/391/376,200,application/pdf,239370,raw/afo/index.php/afo/article/download/391/376.html
https://afo.birdlife.org.au/afo/index.php/afo/article/download/392/377,200,application/pdf,260773,raw/afo/index.php/afo/article/download/392/377.html
https://afo.birdlife.org.au/afo/index.php/afo/article/download/393/378,200,application/pdf,203684,raw/afo/index.php/afo/article/download/393/378.html
https://afo.birdlife.org.au/afo/index.php/afo/article/download/394/379,200,application/pdf,248472,raw/afo/index.php/afo/article/download/394/379.html
https://afo.birdlife.org.au/afo/index.php/afo/article/download/395/380,200,application/pdf,154406,raw/afo/index.php/afo/article/download/395/380.html
https://afo.birdlife.org.au/afo/index.php/afo/article/download/396/381,200,application/pdf,99816,raw/afo/index.php/afo/article/download/396/381.html
https://afo.birdlife.org.au/afo/index.php/afo/article/download/397/382,200,application/pdf,107269,raw/afo/index.php/afo/article/download/397/382.html
https://afo.birdlife.org.au/afo/index.php/afo/article/download/398/383,200,application/pdf,640215,raw/afo/index.php/afo/article/download/398/383.html
https://afo.birdlife.org.au/afo/index.php/afo/article/download/399/384,200,application/pdf,706683,raw/afo/index.php/afo/article/download/399/384.html
https://afo.birdlife.org.au/afo/index.php/afo/article/download/400/385,200,application/pdf,313750,raw/afo/index.php/afo/article/download/400/385.html
https://afo.birdlife.org.au/afo/index.php/afo/article/download/408/393,200,application/pdf,374052,raw/afo/index.php/afo/article/download/408/393.html
https://afo.birdlife.org.au/afo/index.php/afo/article/download/401/386,200,application/pdf,1144710,raw/afo/index.php/afo/article/download/401/386.html
https://afo.birdlife.org.au/afo/index.php/afo/article/download/402/387,200,application/pdf,651627,raw/afo/index.php/afo/article/download/402/387.html
https://afo.birdlife.org.au/afo/index.php/afo/article/download/403/388,200,application/pdf,838489,raw/afo/index.php/afo/article/download/403/388.html
https://afo.birdlife.org.au/afo/index.php/afo/article/download/404/389,200,application/pdf,147536,raw/afo/index.php/afo/article/download/404/389.html
https://afo.birdlife.org.au/afo/index.php/afo/article/download/405/390,200,application/pdf,552400,raw/afo/index.php/afo/article/download/405/390.html
https://afo.birdlife.org.au/afo/index.php/afo/article/download/406/391,200,application/pdf,146946,raw/afo/index.php/afo/article/download/406/391.html
https://afo.birdlife.org.au/afo/index.php/afo/article/download/407/392,200,application/pdf,120451,raw/afo/index.php/afo/article/download/407/392.html
https://afo.birdlife.org.au/afo/index.php/afo/article/download/409/394,200,application/pdf,1127316,raw/afo/index.php/afo/article/download/409/394.html
https://afo.birdlife.org.au/afo/index.php/afo/article/download/415/399,200,application/pdf,1242869,raw/afo/index.php/afo/article/download/415/399.html
https://afo.birdlife.org.au/afo/index.php/afo/article/download/411/395,200,application/pdf,2018786,raw/afo/index.php/afo/article/download/411/395.html
https://afo.birdlife.org.au/afo/index.php/afo/article/download/412/396,200,application/pdf,1062501,raw/afo/index.php/afo/article/download/412/396.html
https://afo.birdlife.org.au/afo/index.php/afo/article/download/413/397,200,application/pdf,1037258,raw/afo/index.php/afo/article/download/413/397.html
https://afo.birdlife.org.au/afo/index.php/afo/article/download/414/398,200,application/pdf,186823,raw/afo/index.php/afo/article/download/414/398.html
https://afo.birdlife.org.au/afo/index.php/afo/article/download/416/400,200,application/pdf,265987,raw/afo/index.php/afo/article/download/416/400.html
https://afo.birdlife.org.au/afo/index.php/afo/article/download/417/2012,200,application/pdf,536325,raw/afo/index.php/afo/article/download/417/2012.html
https://afo.birdlife.org.au/afo/index.php/afo/article/download/418/402,200,application/pdf,772357,raw/afo/index.php/afo/article/download/418/402.html
https://afo.birdlife.org.au/afo/index.php/afo/article/download/419/403,200,application/pdf,2324701,raw/afo/index.php/afo/article/download/419/403.html
https://afo.birdlife.org.au/afo/index.php/afo/article/download/420/404,200,application/pdf,569389,raw/afo/index.php/afo/article/download/420/404.html
https://afo.birdlife.org.au/afo/index.php/afo/article/download/421/405,200,application/pdf,1033718,raw/afo/index.php/afo/article/download/421/405.html
https://afo.birdlife.org.au/afo/index.php/afo/article/download/422/406,200,application/pdf,173788,raw/afo/index.php/afo/article/download/422/406.html
https://afo.birdlife.org.au/afo/index.php/afo/article/download/423/2011,200,application/pdf,172173,raw/afo/index.php/afo/article/download/423/2011.html
https://afo.birdlife.org.au/afo/index.php/afo/article/download/424/408,200,application/pdf,281695,raw/afo/index.php/afo/article/download/424/408.html
https://afo.birdlife.org.au/afo/index.php/afo/article/download/425/409,200,application/pdf,195257,raw/afo/index.php/afo/article/download/425/409.html
https://afo.birdlife.org.au/afo/index.php/afo/article/download/426/410,200,application/pdf,140995,raw/afo/index.php/afo/article/download/426/410.html
https://afo.birdlife.org.au/afo/index.php/afo/article/download/427/411,200,application/pdf,229327,raw/afo/index.php/afo/article/download/427/411.html
https://afo.birdlife.org.au/afo/index.php/afo/article/download/428/412,200,application/pdf,183207,raw/afo/index.php/afo/article/download/428/412.html
https://afo.birdlife.org.au/afo/index.php/afo/article/download/429/413,200,application/pdf,332472,raw/afo/index.php/afo/article/download/429/413.html
https://afo.birdlife.org.au/afo/index.php/afo/article/download/430/414,200,application/pdf,270151,raw/afo/index.php/afo/article/download/430/414.html
https://afo.birdlife.org.au/afo/index.php/afo/article/download/431/415,200,application/pdf,79319,raw/afo/index.php/afo/article/download/431/415.html
https://afo.birdlife.org.au/afo/index.php/afo/article/download/432/416,200,application/pdf,105324,raw/afo/index.php/afo/article/download/432/416.html
https://afo.birdlife.org.au/afo/index.php/afo/article/download/433/417,200,application/pdf,75789,raw/afo/index.php/afo/article/download/433/417.html
https://afo.birdlife.org.au/afo/index.php/afo/article/download/434/418,200,application/pdf,74930,raw/afo/index.php/afo/article/download/434/418.html
https://afo.birdlife.org.au/afo/index.php/afo/article/download/435/419,200,application/pdf,199763,raw/afo/index.php/afo/article/download/435/419.html
https://afo.birdlife.org.au/afo/index.php/afo/article/download/436/420,200,application/pdf,410562,raw/afo/index.php/afo/article/download/436/420.html
https://afo.birdlife.org.au/afo/index.php/afo/article/download/437/421,200,application/pdf,182995,raw/afo/index.php/afo/article/download/437/421.html
https://afo.birdlife.org.au/afo/index.php/afo/article/download/438/422,200,application/pdf,93610,raw/afo/index.php/afo/article/download/438/422.html
https://afo.birdlife.org.au/afo/index.php/afo/article/download/439/423,200,application/pdf,115938,raw/afo/index.php/afo/article/download/439/423.html
https://afo.birdlife.org.au/afo/index.php/afo/article/download/440/424,200,application/pdf,114809,raw/afo/index.php/afo/article/download/440/424.html
https://afo.birdlife.org.au/afo/index.php/afo/article/download/441/425,200,application/pdf,74462,raw/afo/index.php/afo/article/download/441/425.html
https://afo.birdlife.org.au/afo/index.php/afo/article/download/442/426,200,application/pdf,372582,raw/afo/index.php/afo/article/download/442/426.html
https://afo.birdlife.org.au/afo/index.php/afo/article/download/444/429,200,application/pdf,134263,raw/afo/index.php/afo/article/download/444/429.html
https://afo.birdlife.org.au/afo/index.php/afo/article/download/445/430,200,application/pdf,138004,raw/afo/index.php/afo/article/download/445/430.html
https://afo.birdlife.org.au/afo/index.php/afo/article/download/446/431,200,application/pdf,92248,raw/afo/index.php/afo/article/download/446/431.html
https://afo.birdlife.org.au/afo/index.php/afo/article/download/447/432,200,application/pdf,146827,raw/afo/index.php/afo/article/download/447/432.html
https://afo.birdlife.org.au/afo/index.php/afo/article/download/448/433,200,application/pdf,66293,raw/afo/index.php/afo/article/download/448/433.html
https://afo.birdlife.org.au/afo/index.php/afo/article/download/449/434,200,application/pdf,61522,raw/afo/index.php/afo/article/download/449/434.html
https://afo.birdlife.org.au/afo/index.php/afo/article/download/450/435,200,application/pdf,84646,raw/afo/index.php/afo/article/download/450/435.html
https://afo.birdlife.org.au/afo/index.php/afo/article/download/451/436,200,application/pdf,62275,raw/afo/index.php/afo/article/download/451/436.html
https://afo.birdlife.org.au/afo/index.php/afo/article/download/452/437,200,application/pdf,395283,raw/afo/index.php/afo/article/download/452/437.html
https://afo.birdlife.org.au/afo/index.php/afo/article/download/453/438,200,application/pdf,271818,raw/afo/index.php/afo/article/download/453/438.html
https://afo.birdlife.org.au/afo/index.php/afo/article/download/454/439,200,application/pdf,211635,raw/afo/index.php/afo/article/download/454/439.html
https://afo.birdlife.org.au/afo/index.php/afo/article/download/455/440,200,application/pdf,227478,raw/afo/index.php/afo/article/download/455/440.html
https://afo.birdlife.org.au/afo/index.php/afo/article/download/456/441,200,application/pdf,285555,raw/afo/index.php/afo/article/download/456/441.html
https://afo.birdlife.org.au/afo/index.php/afo/article/download/457/442,200,application/pdf,73798,raw/afo/index.php/afo/article/download/457/442.html
https://afo.birdlife.org.au/afo/index.php/afo/article/download/458/443,200,application/pdf,89533,raw/afo/index.php/afo/article/download/458/443.html
https://afo.birdlife.org.au/afo/index.php/afo/article/download/2020/2007,200,application/pdf,7664199,raw/afo/index.php/afo/article/download/2020/2007.html
https://afo.birdlife.org.au/afo/index.php/afo/article/download/459/444,200,application/pdf,134832,raw/afo/index.php/afo/article/download/459/444.html
https://afo.birdlife.org.au/afo/index.php/afo/article/download/460/445,200,application/pdf,302661,raw/afo/index.php/afo/article/download/460/445.html
https://afo.birdlife.org.au/afo/index.php/afo/article/download/461/446,200,application/pdf,220953,raw/afo/index.php/afo/article/download/461/446.html
https://afo.birdlife.org.au/afo/index.php/afo/article/download/462/447,200,application/pdf,94301,raw/afo/index.php/afo/article/download/462/447.html
https://afo.birdlife.org.au/afo/index.php/afo/article/download/463/448,200,application/pdf,98377,raw/afo/index.php/afo/article/download/463/448.html
https://afo.birdlife.org.au/afo/index.php/afo/article/download/464/449,200,application/pdf,142280,raw/afo/index.php/afo/article/download/464/449.html
https://afo.birdlife.org.au/afo/index.php/afo/article/download/465/450,200,application/pdf,92115,raw/afo/index.php/afo/article/download/465/450.html
https://afo.birdlife.org.au/afo/index.php/afo/article/download/466/451,200,application/pdf,127430,raw/afo/index.php/afo/article/download/466/451.html
https://afo.birdlife.org.au/afo/index.php/afo/article/download/467/452,200,application/pdf,72299,raw/afo/index.php/afo/article/download/467/452.html
https://afo.birdlife.org.au/afo/index.php/afo/article/download/468/532,200,application/pdf,71423,raw/afo/index.php/afo/article/download/468/532.html
https://afo.birdlife.org.au/afo/index.php/afo/article/download/469/453,200,application/pdf,186323,raw/afo/index.php/afo/article/download/469/453.html
https://afo.birdlife.org.au/afo/index.php/afo/article/download/470/454,200,application/pdf,182509,raw/afo/index.php/afo/article/download/470/454.html
https://afo.birdlife.org.au/afo/index.php/afo/article/download/471/455,200,application/pdf,338465,raw/afo/index.php/afo/article/download/471/455.html
https://afo.birdlife.org.au/afo/index.php/afo/article/download/472/456,200,application/pdf,163179,raw/afo/index.php/afo/article/download/472/456.html
https://afo.birdlife.org.au/afo/index.php/afo/article/download/473/457,200,application/pdf,114896,raw/afo/index.php/afo/article/download/473/457.html
https://afo.birdlife.org.au/afo/index.php/afo/article/download/474/458,200,application/pdf,91202,raw/afo/index.php/afo/article/download/474/458.html
https://afo.birdlife.org.au/afo/index.php/afo/article/download/475/459,200,application/pdf,117304,raw/afo/index.php/afo/article/download/475/459.html
https://afo.birdlife.org.au/afo/index.php/afo/article/download/476/460,200,application/pdf,76103,raw/afo/index.php/afo/article/download/476/460.html
https://afo.birdlife.org.au/afo/index.php/afo/article/download/477/461,200,application/pdf,75125,raw/afo/index.php/afo/article/download/477/461.html
https://afo.birdlife.org.au/afo/index.php/afo/article/download/480/464,200,application/pdf,58608,raw/afo/index.php/afo/article/download/480/464.html
https://afo.birdlife.org.au/afo/index.php/afo/article/download/481/465,200,application/pdf,300709,raw/afo/index.php/afo/article/download/481/465.html
https://afo.birdlife.org.au/afo/index.php/afo/article/download/482/466,200,application/pdf,156111,raw/afo/index.php/afo/article/download/482/466.html
https://afo.birdlife.org.au/afo/index.php/afo/article/download/484/468,200,application/pdf,173297,raw/afo/index.php/afo/article/download/484/468.html
https://afo.birdlife.org.au/afo/index.php/afo/article/download/485/469,200,application/pdf,126217,raw/afo/index.php/afo/article/download/485/469.html
https://afo.birdlife.org.au/afo/index.php/afo/article/download/486/470,200,application/pdf,91219,raw/afo/index.php/afo/article/download/486/470.html
https://afo.birdlife.org.au/afo/index.php/afo/article/download/487/471,200,application/pdf,91039,raw/afo/index.php/afo/article/download/487/471.html
https://afo.birdlife.org.au/afo/index.php/afo/article/download/488/472,200,application/pdf,80252,raw/afo/index.php/afo/article/download/488/472.html
https://afo.birdlife.org.au/afo/index.php/afo/article/download/489/473,200,application/pdf,80729,raw/afo/index.php/afo/article/download/489/473.html
https://afo.birdlife.org.au/afo/index.php/afo/article/download/490/474,200,application/pdf,134355,raw/afo/index.php/afo/article/download/490/474.html
https://afo.birdlife.org.au/afo/index.php/afo/article/download/491/475,200,application/pdf,105587,raw/afo/index.php/afo/article/download/491/475.html
https://afo.birdlife.org.au/afo/index.php/afo/article/download/492/476,200,application/pdf,151150,raw/afo/index.php/afo/article/download/492/476.html
https://afo.birdlife.org.au/afo/index.php/afo/article/download/493/477,200,application/pdf,240818,raw/afo/index.php/afo/article/download/493/477.html
https://afo.birdlife.org.au/afo/index.php/afo/article/download/494/478,200,application/pdf,88053,raw/afo/index.php/afo/article/download/494/478.html
https://afo.birdlife.org.au/afo/index.php/afo/article/download/495/479,200,application/pdf,80662,raw/afo/index.php/afo/article/download/495/479.html
https://afo.birdlife.org.au/afo/index.php/afo/article/download/496/480,200,application/pdf,122353,raw/afo/index.php/afo/article/download/496/480.html
https://afo.birdlife.org.au/afo/index.php/afo/article/download/497/481,200,application/pdf,82143,raw/afo/index.php/afo/article/download/497/481.html
https://afo.birdlife.org.au/afo/index.php/afo/article/download/498/482,200,application/pdf,73362,raw/afo/index.php/afo/article/download/498/482.html
https://afo.birdlife.org.au/afo/index.php/afo/article/download/499/483,200,application/pdf,71524,raw/afo/index.php/afo/article/download/499/483.html
https://afo.birdlife.org.au/afo/index.php/afo/article/download/504/488,200,application/pdf,60862,raw/afo/index.php/afo/article/download/504/488.html
https://afo.birdlife.org.au/afo/index.php/afo/article/download/505/489,200,application/pdf,429450,raw/afo/index.php/afo/article/download/505/489.html
https://afo.birdlife.org.au/afo/index.php/afo/article/download/506/490,200,application/pdf,117187,raw/afo/index.php/afo/article/download/506/490.html
https://afo.birdlife.org.au/afo/index.php/afo/article/download/507/491,200,application/pdf,100725,raw/afo/index.php/afo/article/download/507/491.html
https://afo.birdlife.org.au/afo/index.php/afo/article/download/508/492,200,application/pdf,119865,raw/afo/index.php/afo/article/download/508/492.html
https://afo.birdlife.org.au/afo/index.php/afo/article/download/509/493,200,application/pdf,176095,raw/afo/index.php/afo/article/download/509/493.html
https://afo.birdlife.org.au/afo/index.php/afo/article/download/510/494,200,application/pdf,96488,raw/afo/index.php/afo/article/download/510/494.html
https://afo.birdlife.org.au/afo/index.php/afo/article/download/511/495,200,application/pdf,164419,raw/afo/index.php/afo/article/download/511/495.html
https://afo.birdlife.org.au/afo/index.php/afo/article/download/512/496,200,application/pdf,62611,raw/afo/index.php/afo/article/download/512/496.html
https://afo.birdlife.org.au/afo/index.php/afo/article/download/513/497,200,application/pdf,74878,raw/afo/index.php/afo/article/download/513/497.html
https://afo.birdlife.org.au/afo/index.php/afo/article/download/514/498,200,application/pdf,80788,raw/afo/index.php/afo/article/download/514/498.html
https://afo.birdlife.org.au/afo/index.php/afo/article/download/515/499,200,application/pdf,155699,raw/afo/index.php/afo/article/download/515/499.html
https://afo.birdlife.org.au/afo/index.php/afo/article/download/534/518,200,application/pdf,182689,raw/afo/index.php/afo/article/download/534/518.html
https://afo.birdlife.org.au/afo/index.php/afo/article/download/535/519,200,application/pdf,618035,raw/afo/index.php/afo/article/download/535/519.html
https://afo.birdlife.org.au/afo/index.php/afo/article/download/536/520,200,application/pdf,87200,raw/afo/index.php/afo/article/download/536/520.html
https://afo.birdlife.org.au/afo/index.php/afo/article/download/537/521,200,application/pdf,96774,raw/afo/index.php/afo/article/download/537/521.html
https://afo.birdlife.org.au/afo/index.php/afo/article/download/538/522,200,application/pdf,77691,raw/afo/index.php/afo/article/download/538/522.html
https://afo.birdlife.org.au/afo/index.php/afo/article/download/539/523,200,application/pdf,72905,raw/afo/index.php/afo/article/download/539/523.html
https://afo.birdlife.org.au/afo/index.php/afo/article/download/540/524,200,application/pdf,67195,raw/afo/index.php/afo/article/download/540/524.html
https://afo.birdlife.org.au/afo/index.php/afo/article/download/541/525,200,application/pdf,109682,raw/afo/index.php/afo/article/download/541/525.html
https://afo.birdlife.org.au/afo/index.php/afo/article/download/542/526,200,application/pdf,170429,raw/afo/index.php/afo/article/download/542/526.html
https://afo.birdlife.org.au/afo/index.php/afo/article/download/543/527,200,application/pdf,211893,raw/afo/index.php/afo/article/download/543/527.html
https://afo.birdlife.org.au/afo/index.php/afo/article/download/544/528,200,application/pdf,211388,raw/afo/index.php/afo/article/download/544/528.html
https://afo.birdlife.org.au/afo/index.php/afo/article/download/545/529,200,application/pdf,114090,raw/afo/index.php/afo/article/download/545/529.html
https://afo.birdlife.org.au/afo/index.php/afo/article/download/546/530,200,application/pdf,179729,raw/afo/index.php/afo/article/download/546/530.html
https://afo.birdlife.org.au/afo/index.php/afo/article/download/547/531,200,application/pdf,80089,raw/afo/index.php/afo/article/download/547/531.html
https://afo.birdlife.org.au/afo/index.php/afo/article/download/548/534,200,application/pdf,7781,raw/afo/index.php/afo/article/download/548/534.html
https://afo.birdlife.org.au/afo/index.php/afo/article/download/549/535,200,application/pdf,174186,raw/afo/index.php/afo/article/download/549/535.html
https://afo.birdlife.org.au/afo/index.php/afo/article/download/550/536,200,application/pdf,99667,raw/afo/index.php/afo/article/download/550/536.html
https://afo.birdlife.org.au/afo/index.php/afo/article/download/551/537,200,application/pdf,88380,raw/afo/index.php/afo/article/download/551/537.html
https://afo.birdlife.org.au/afo/index.php/afo/article/download/552/538,200,application/pdf,24879,raw/afo/index.php/afo/article/download/552/538.html
https://afo.birdlife.org.au/afo/index.php/afo/article/download/553/539,200,application/pdf,96508,raw/afo/index.php/afo/article/download/553/539.html
https://afo.birdlife.org.au/afo/index.php/afo/article/download/554/540,200,application/pdf,15648,raw/afo/index.php/afo/article/download/554/540.html
https://afo.birdlife.org.au/afo/index.php/afo/article/download/555/541,200,application/pdf,15402,raw/afo/index.php/afo/article/download/555/541.html
https://afo.birdlife.org.au/afo/index.php/afo/article/download/556/542,200,application/pdf,14893,raw/afo/index.php/afo/article/download/556/542.html
https://afo.birdlife.org.au/afo/index.php/afo/article/download/557/543,200,application/pdf,11340,raw/afo/index.php/afo/article/download/557/543.html
https://afo.birdlife.org.au/afo/index.php/afo/article/download/558/544,200,application/pdf,14902,raw/afo/index.php/afo/article/download/558/544.html
https://afo.birdlife.org.au/afo/index.php/afo/article/download/560/546,200,application/pdf,15629,raw/afo/index.php/afo/article/download/560/546.html
https://afo.birdlife.org.au/afo/index.php/afo/article/download/561/547,200,application/pdf,8575,raw/afo/index.php/afo/article/download/561/547.html
https://afo.birdlife.org.au/afo/index.php/afo/article/download/579/2065,200,application/pdf,38697,raw/afo/index.php/afo/article/download/579/2065.html
https://afo.birdlife.org.au/afo/index.php/afo/article/download/580/566,200,application/pdf,48220,raw/afo/index.php/afo/article/download/580/566.html
https://afo.birdlife.org.au/afo/index.php/afo/article/download/581/567,200,application/pdf,381469,raw/afo/index.php/afo/article/download/581/567.html
https://afo.birdlife.org.au/afo/index.php/afo/article/download/582/568,200,application/pdf,49578,raw/afo/index.php/afo/article/download/582/568.html
https://afo.birdlife.org.au/afo/index.php/afo/article/download/583/569,200,application/pdf,148375,raw/afo/index.php/afo/article/download/583/569.html
https://afo.birdlife.org.au/afo/index.php/afo/article/download/584/570,200,application/pdf,27857,raw/afo/index.php/afo/article/download/584/570.html
https://afo.birdlife.org.au/afo/index.php/afo/article/download/585/571,200,application/pdf,25196,raw/afo/index.php/afo/article/download/585/571.html
https://afo.birdlife.org.au/afo/index.php/afo/article/download/586/572,200,application/pdf,56198,raw/afo/index.php/afo/article/download/586/572.html
https://afo.birdlife.org.au/afo/index.php/afo/article/download/562/548,200,application/pdf,407444,raw/afo/index.php/afo/article/download/562/548.html
https://afo.birdlife.org.au/afo/index.php/afo/article/download/563/549,200,application/pdf,233391,raw/afo/index.php/afo/article/download/563/549.html
https://afo.birdlife.org.au/afo/index.php/afo/article/download/564/550,200,application/pdf,92414,raw/afo/index.php/afo/article/download/564/550.html
https://afo.birdlife.org.au/afo/index.php/afo/article/download/565/551,200,application/pdf,126033,raw/afo/index.php/afo/article/download/565/551.html
https://afo.birdlife.org.au/afo/index.php/afo/article/download/566/552,200,application/pdf,219900,raw/afo/index.php/afo/article/download/566/552.html
https://afo.birdlife.org.au/afo/index.php/afo/article/download/567/553,200,application/pdf,101142,raw/afo/index.php/afo/article/download/567/553.html
https://afo.birdlife.org.au/afo/index.php/afo/article/download/568/554,200,application/pdf,92321,raw/afo/index.php/afo/article/download/568/554.html
https://afo.birdlife.org.au/afo/index.php/afo/article/download/569/555,200,application/pdf,202443,raw/afo/index.php/afo/article/download/569/555.html
https://afo.birdlife.org.au/afo/index.php/afo/article/download/570/556,200,application/pdf,75885,raw/afo/index.php/afo/article/download/570/556.html
https://afo.birdlife.org.au/afo/index.php/afo/article/download/571/557,200,application/pdf,127229,raw/afo/index.php/afo/article/download/571/557.html
https://afo.birdlife.org.au/afo/index.php/afo/article/download/572/558,200,application/pdf,101435,raw/afo/index.php/afo/article/download/572/558.html
https://afo.birdlife.org.au/afo/index.php/afo/article/download/573/559,200,application/pdf,292628,raw/afo/index.php/afo/article/download/573/559.html
https://afo.birdlife.org.au/afo/index.php/afo/article/download/574/560,200,application/pdf,167333,raw/afo/index.php/afo/article/download/574/560.html
https://afo.birdlife.org.au/afo/index.php/afo/article/download/575/561,200,application/pdf,235312,raw/afo/index.php/afo/article/download/575/561.html
https://afo.birdlife.org.au/afo/index.php/afo/article/download/576/562,200,application/pdf,171346,raw/afo/index.php/afo/article/download/576/562.html
https://afo.birdlife.org.au/afo/index.php/afo/article/download/577/563,200,application/pdf,104588,raw/afo/index.php/afo/article/download/577/563.html
https://afo.birdlife.org.au/afo/index.php/afo/article/download/578/564,200,application/pdf,84652,raw/afo/index.php/afo/article/download/578/564.html
https://afo.birdlife.org.au/afo/index.php/afo/article/download/587/573,200,application/pdf,47270,raw/afo/index.php/afo/article/download/587/573.html
https://afo.birdlife.org.au/afo/index.php/afo/article/download/588/574,200,application/pdf,47453,raw/afo/index.php/afo/article/download/588/574.html
https://afo.birdlife.org.au/afo/index.php/afo/article/download/589/575,200,application/pdf,172808,raw/afo/index.php/afo/article/download/589/575.html
https://afo.birdlife.org.au/afo/index.php/afo/article/download/590/576,200,application/pdf,44730,raw/afo/index.php/afo/article/download/590/576.html
https://afo.birdlife.org.au/afo/index.php/afo/article/download/591/577,200,application/pdf,41802,raw/afo/index.php/afo/article/download/591/577.html
https://afo.birdlife.org.au/afo/index.php/afo/article/download/592/578,200,application/pdf,34586,raw/afo/index.php/afo/article/download/592/578.html
https://afo.birdlife.org.au/afo/index.php/afo/article/download/593/579,200,application/pdf,64188,raw/afo/index.php/afo/article/download/593/579.html
https://afo.birdlife.org.au/afo/index.php/afo/article/download/610/596,200,application/pdf,72562,raw/afo/index.php/afo/article/download/610/596.html
https://afo.birdlife.org.au/afo/index.php/afo/article/download/611/597,200,application/pdf,50831,raw/afo/index.php/afo/article/download/611/597.html
https://afo.birdlife.org.au/afo/index.php/afo/article/download/612/598,200,application/pdf,65667,raw/afo/index.php/afo/article/download/612/598.html
https://afo.birdlife.org.au/afo/index.php/afo/article/download/613/599,200,application/pdf,28443,raw/afo/index.php/afo/article/download/613/599.html
https://afo.birdlife.org.au/afo/index.php/afo/article/download/614/600,200,application/pdf,38555,raw/afo/index.php/afo/article/download/614/600.html
https://afo.birdlife.org.au/afo/index.php/afo/article/download/615/601,200,application/pdf,22425,raw/afo/index.php/afo/article/download/615/601.html
https://afo.birdlife.org.au/afo/index.php/afo/article/download/616/602,200,application/pdf,16375,raw/afo/index.php/afo/article/download/616/602.html
https://afo.birdlife.org.au/afo/index.php/afo/article/download/617/603,200,application/pdf,10817,raw/afo/index.php/afo/article/download/617/603.html
https://afo.birdlife.org.au/afo/index.php/afo/article/download/618/604,200,application/pdf,12389,raw/afo/index.php/afo/article/download/618/604.html
https://afo.birdlife.org.au/afo/index.php/afo/article/download/619/605,200,application/pdf,37022,raw/afo/index.php/afo/article/download/619/605.html
https://afo.birdlife.org.au/afo/index.php/afo/article/download/620/606,200,application/pdf,14835,raw/afo/index.php/afo/article/download/620/606.html
https://afo.birdlife.org.au/afo/index.php/afo/article/download/621/607,200,application/pdf,21956,raw/afo/index.php/afo/article/download/621/607.html
https://afo.birdlife.org.au/afo/index.php/afo/article/download/594/580,200,application/pdf,193971,raw/afo/index.php/afo/article/download/594/580.html
https://afo.birdlife.org.au/afo/index.php/afo/article/download/595/581,200,application/pdf,47423,raw/afo/index.php/afo/article/download/595/581.html
https://afo.birdlife.org.au/afo/index.php/afo/article/download/596/582,200,application/pdf,18307,raw/afo/index.php/afo/article/download/596/582.html
https://afo.birdlife.org.au/afo/index.php/afo/article/download/597/583,200,application/pdf,17885,raw/afo/index.php/afo/article/download/597/583.html
https://afo.birdlife.org.au/afo/index.php/afo/article/download/598/584,200,application/pdf,24135,raw/afo/index.php/afo/article/download/598/584.html
https://afo.birdlife.org.au/afo/index.php/afo/article/download/599/585,200,application/pdf,24789,raw/afo/index.php/afo/article/download/599/585.html
https://afo.birdlife.org.au/afo/index.php/afo/article/download/622/608,200,application/pdf,158647,raw/afo/index.php/afo/article/download/622/608.html
https://afo.birdlife.org.au/afo/index.php/afo/article/download/623/609,200,application/pdf,83838,raw/afo/index.php/afo/article/download/623/609.html
https://afo.birdlife.org.au/afo/index.php/afo/article/download/624/610,200,application/pdf,150954,raw/afo/index.php/afo/article/download/624/610.html
https://afo.birdlife.org.au/afo/index.php/afo/article/download/625/611,200,application/pdf,52948,raw/afo/index.php/afo/article/download/625/611.html
https://afo.birdlife.org.au/afo/index.php/afo/article/download/626/612,200,application/pdf,16245,raw/afo/index.php/afo/article/download/626/612.html
https://afo.birdlife.org.au/afo/index.php/afo/article/download/644/630,200,application/pdf,47642,raw/afo/index.php/afo/article/download/644/630.html
https://afo.birdlife.org.au/afo/index.php/afo/article/download/645/631,200,application/pdf,45837,raw/afo/index.php/afo/article/download/645/631.html
https://afo.birdlife.org.au/afo/index.php/afo/article/download/646/632,200,application/pdf,35239,raw/afo/index.php/afo/article/download/646/632.html
https://afo.birdlife.org.au/afo/index.php/afo/article/download/647/633,200,application/pdf,43412,raw/afo/index.php/afo/article/download/647/633.html
https://afo.birdlife.org.au/afo/index.php/afo/article/download/648/634,200,application/pdf,48703,raw/afo/index.php/afo/article/download/648/634.html
https://afo.birdlife.org.au/afo/index.php/afo/article/download/649/635,200,application/pdf,66612,raw/afo/index.php/afo/article/download/649/635.html
https://afo.birdlife.org.au/afo/index.php/afo/article/download/650/636,200,application/pdf,25279,raw/afo/index.php/afo/article/download/650/636.html
https://afo.birdlife.org.au/afo/index.php/afo/article/download/651/637,200,application/pdf,23302,raw/afo/index.php/afo/article/download/651/637.html
https://afo.birdlife.org.au/afo/index.php/afo/article/download/652/638,200,application/pdf,18992,raw/afo/index.php/afo/article/download/652/638.html
https://afo.birdlife.org.au/afo/index.php/afo/article/download/653/639,200,application/pdf,38719,raw/afo/index.php/afo/article/download/653/639.html
https://afo.birdlife.org.au/afo/index.php/afo/article/download/654/640,200,application/pdf,18032,raw/afo/index.php/afo/article/download/654/640.html
https://afo.birdlife.org.au/afo/index.php/afo/article/download/655/641,200,application/pdf,19998,raw/afo/index.php/afo/article/download/655/641.html
https://afo.birdlife.org.au/afo/index.php/afo/article/download/656/724,200,application/pdf,182989,raw/afo/index.php/afo/article/download/656/724.html
https://afo.birdlife.org.au/afo/index.php/afo/article/download/657/642,200,application/pdf,177834,raw/afo/index.php/afo/article/download/657/642.html
https://afo.birdlife.org.au/afo/index.php/afo/article/download/658/643,200,application/pdf,1504830,raw/afo/index.php/afo/article/download/658/643.html
https://afo.birdlife.org.au/afo/index.php/afo/article/download/659/644,200,application/pdf,82343,raw/afo/index.php/afo/article/download/659/644.html
https://afo.birdlife.org.au/afo/index.php/afo/article/download/660/645,200,application/pdf,557858,raw/afo/index.php/afo/article/download/660/645.html
https://afo.birdlife.org.au/afo/index.php/afo/article/download/661/646,200,application/pdf,1109867,raw/afo/index.php/afo/article/download/661/646.html
https://afo.birdlife.org.au/afo/index.php/afo/article/download/662/647,200,application/pdf,115944,raw/afo/index.php/afo/article/download/662/647.html
https://afo.birdlife.org.au/afo/index.php/afo/article/download/663/648,200,application/pdf,32136,raw/afo/index.php/afo/article/download/663/648.html
https://afo.birdlife.org.au/afo/index.php/afo/article/download/664/649,200,application/pdf,65256,raw/afo/index.php/afo/article/download/664/649.html
https://afo.birdlife.org.au/afo/index.php/afo/article/download/665/650,200,application/pdf,39328,raw/afo/index.php/afo/article/download/665/650.html
https://afo.birdlife.org.au/afo/index.php/afo/article/download/666/651,200,application/pdf,35204,raw/afo/index.php/afo/article/download/666/651.html
https://afo.birdlife.org.au/afo/index.php/afo/article/download/667/652,200,application/pdf,21255,raw/afo/index.php/afo/article/download/667/652.html
https://afo.birdlife.org.au/afo/index.php/afo/article/download/668/653,200,application/pdf,11206,raw/afo/index.php/afo/article/download/668/653.html
https://afo.birdlife.org.au/afo/index.php/afo/article/download/627/613,200,application/pdf,71125,raw/afo/index.php/afo/article/download/627/613.html
https://afo.birdlife.org.au/afo/index.php/afo/article/download/628/614,200,application/pdf,29708,raw/afo/index.php/afo/article/download/628/614.html
https://afo.birdlife.org.au/afo/index.php/afo/article/download/629/615,200,application/pdf,15193,raw/afo/index.php/afo/article/download/629/615.html
https://afo.birdlife.org.au/afo/index.php/afo/article/download/630/616,200,application/pdf,61485,raw/afo/index.php/afo/article/download/630/616.html
https://afo.birdlife.org.au/afo/index.php/afo/article/download/631/617,200,application/pdf,50475,raw/afo/index.php/afo/article/download/631/617.html
https://afo.birdlife.org.au/afo/index.php/afo/article/download/632/618,200,application/pdf,21575,raw/afo/index.php/afo/article/download/632/618.html
https://afo.birdlife.org.au/afo/index.php/afo/article/download/633/619,200,application/pdf,23661,raw/afo/index.php/afo/article/download/633/619.html
https://afo.birdlife.org.au/afo/index.php/afo/article/download/634/620,200,application/pdf,8689,raw/afo/index.php/afo/article/download/634/620.html
https://afo.birdlife.org.au/afo/index.php/afo/article/download/635/621,200,application/pdf,14484,raw/afo/index.php/afo/article/download/635/621.html
https://afo.birdlife.org.au/afo/index.php/afo/article/download/636/622,200,application/pdf,35042,raw/afo/index.php/afo/article/download/636/622.html
https://afo.birdlife.org.au/afo/index.php/afo/article/download/39/29,200,application/pdf,3803950,raw/afo/index.php/afo/article/download/39/29.html
https://afo.birdlife.org.au/afo/index.php/afo/article/download/40/30,200,application/pdf,6139590,raw/afo/index.php/afo/article/download/40/30.html
https://afo.birdlife.org.au/afo/index.php/afo/article/download/41/31,200,application/pdf,8062381,raw/afo/index.php/afo/article/download/41/31.html
https://afo.birdlife.org.au/afo/index.php/afo/article/download/42/32,200,application/pdf,6382980,raw/afo/index.php/afo/article/download/42/32.html
https://afo.birdlife.org.au/afo/index.php/afo/article/download/527/511,200,application/pdf,3793237,raw/afo/index.php/afo/article/download/527/511.html
https://afo.birdlife.org.au/afo/index.php/afo/article/download/43/33,200,application/pdf,4194380,raw/afo/index.php/afo/article/download/43/33.html
https://afo.birdlife.org.au/afo/index.php/afo/article/download/44/34,200,application/pdf,3348025,raw/afo/index.php/afo/article/download/44/34.html
https://afo.birdlife.org.au/afo/index.php/afo/article/download/45/35,200,application/pdf,1929648,raw/afo/index.php/afo/article/download/45/35.html
https://afo.birdlife.org.au/afo/index.php/afo/article/download/46/36,200,application/pdf,2634386,raw/afo/index.php/afo/article/download/46/36.html
https://afo.birdlife.org.au/afo/index.php/afo/article/download/47/37,200,application/pdf,1538348,raw/afo/index.php/afo/article/download/47/37.html
https://afo.birdlife.org.au/afo/index.php/afo/article/download/528/512,200,application/pdf,2688374,raw/afo/index.php/afo/article/download/528/512.html
https://afo.birdlife.org.au/afo/index.php/afo/article/download/529/513,200,application/pdf,3441513,raw/afo/index.php/afo/article/download/529/513.html
https://afo.birdlife.org.au/afo/index.php/afo/article/download/36/26,200,application/pdf,4115580,raw/afo/index.php/afo/article/download/36/26.html
https://afo.birdlife.org.au/afo/index.php/afo/article/download/530/514,200,application/pdf,3870791,raw/afo/index.php/afo/article/download/530/514.html
https://afo.birdlife.org.au/afo/index.php/afo/article/download/37/27,200,application/pdf,4891055,raw/afo/index.php/afo/article/download/37/27.html
https://afo.birdlife.org.au/afo/index.php/afo/article/download/531/515,200,application/pdf,5380522,raw/afo/index.php/afo/article/download/531/515.html
https://afo.birdlife.org.au/afo/index.php/afo/article/download/38/28,200,application/pdf,1922344,raw/afo/index.php/afo/article/download/38/28.html
https://afo.birdlife.org.au/afo/index.php/afo/article/download/532/516,200,application/pdf,2744688,raw/afo/index.php/afo/article/download/532/516.html
https://afo.birdlife.org.au/afo/index.php/afo/article/download/600/586,200,application/pdf,5238755,raw/afo/index.php/afo/article/download/600/586.html
https://afo.birdlife.org.au/afo/index.php/afo/article/download/31/21,200,application/pdf,4083765,raw/afo/index.php/afo/article/download/31/21.html
https://afo.birdlife.org.au/afo/index.php/afo/article/download/602/588,200,application/pdf,4134100,raw/afo/index.php/afo/article/download/602/588.html
https://afo.birdlife.org.au/afo/index.php/afo/article/download/32/22,200,application/pdf,7104477,raw/afo/index.php/afo/article/download/32/22.html
https://afo.birdlife.org.au/afo/index.php/afo/article/download/33/23,200,application/pdf,802152,raw/afo/index.php/afo/article/download/33/23.html
https://afo.birdlife.org.au/afo/index.php/afo/article/download/34/24,200,application/pdf,5541610,raw/afo/index.php/afo/article/download/34/24.html
https://afo.birdlife.org.au/afo/index.php/afo/article/download/35/25,200,application/pdf,5643044,raw/afo/index.php/afo/article/download/35/25.html
https://afo.birdlife.org.au/afo/index.php/afo/article/download/607/593,200,application/pdf,7494242,raw/afo/index.php/afo/article/download/607/593.html
https://afo.birdlife.org.au/afo/index.php/afo/article/download/608/594,200,application/pdf,6897463,raw/afo/index.php/afo/article/download/608/594.html
https://afo.birdlife.org.au/afo/index.php/afo/article/download/609/595,200,application/pdf,5409714,raw/afo/index.php/afo/article/download/609/595.html
https://afo.birdlife.org.au/afo/index.php/afo/article/download/26/16,200,application/pdf,5192170,raw/afo/index.php/afo/article/download/26/16.html
https://afo.birdlife.org.au/afo/index.php/afo/article/download/27/17,200,application/pdf,6454289,raw/afo/index.php/afo/article/download/27/17.html
https://afo.birdlife.org.au/afo/index.php/afo/article/download/28/18,200,application/pdf,2084425,raw/afo/index.php/afo/article/download/28/18.html
https://afo.birdlife.org.au/afo/index.php/afo/article/download/29/19,200,application/pdf,2526348,raw/afo/index.php/afo/article/download/29/19.html
https://afo.birdlife.org.au/afo/index.php/afo/article/download/30/20,200,application/pdf,1444784,raw/afo/index.php/afo/article/download/30/20.html
https://afo.birdlife.org.au/afo/index.php/afo/article/download/637/623,200,application/pdf,4451223,raw/afo/index.php/afo/article/download/637/623.html
https://afo.birdlife.org.au/afo/index.php/afo/article/download/98/88,200,application/pdf,4507435,raw/afo/index.php/afo/article/download/98/88.html
https://afo.birdlife.org.au/afo/index.php/afo/article/download/99/89,200,application/pdf,2840007,raw/afo/index.php/afo/article/download/99/89.html
https://afo.birdlife.org.au/afo/index.php/afo/article/download/100/90,200,application/pdf,3945906,raw/afo/index.php/afo/article/download/100/90.html
https://afo.birdlife.org.au/afo/index.php/afo/article/download/101/91,200,application/pdf,2839974,raw/afo/index.php/afo/article/download/101/91.html
https://afo.birdlife.org.au/afo/index.php/afo/article/download/533/517,200,application/pdf,2100633,raw/afo/index.php/afo/article/download/533/517.html
https://afo.birdlife.org.au/afo/index.php/afo/article/download/102/92,200,application/pdf,2383186,raw/afo/index.php/afo/article/download/102/92.html
https://afo.birdlife.org.au/afo/index.php/afo/article/download/103/93,200,application/pdf,2277945,raw/afo/index.php/afo/article/download/103/93.html
https://afo.birdlife.org.au/afo/index.php/afo/article/download/503/487,200,application/pdf,2469490,raw/afo/index.php/afo/article/download/503/487.html
https://afo.birdlife.org.au/afo/index.php/afo/article/download/91/81,200,application/pdf,4500874,raw/afo/index.php/afo/article/download/91/81.html
https://afo.birdlife.org.au/afo/index.php/afo/article/download/92/82,200,application/pdf,2541749,raw/afo/index.php/afo/article/download/92/82.html
https://afo.birdlife.org.au/afo/index.php/afo/article/download/93/83,200,application/pdf,2541920,raw/afo/index.php/afo/article/download/93/83.html
https://afo.birdlife.org.au/afo/index.php/afo/article/download/94/84,200,application/pdf,1605181,raw/afo/index.php/afo/article/download/94/84.html
https://afo.birdlife.org.au/afo/index.php/afo/article/download/95/85,200,application/pdf,1205059,raw/afo/index.php/afo/article/download/95/85.html
https://afo.birdlife.org.au/afo/index.php/afo/article/download/96/86,200,application/pdf,2692850,raw/afo/index.php/afo/article/download/96/86.html
https://afo.birdlife.org.au/afo/index.php/afo/article/download/97/87,200,application/pdf,3460849,raw/afo/index.php/afo/article/download/97/87.html
https://afo.birdlife.org.au/afo/index.php/afo/article/download/502/486,200,application/pdf,8105791,raw/afo/index.php/afo/article/download/502/486.html
https://afo.birdlife.org.au/afo/index.php/afo/article/download/84/74,200,application/pdf,7144275,raw/afo/index.php/afo/article/download/84/74.html
https://afo.birdlife.org.au/afo/index.php/afo/article/download/85/75,200,application/pdf,2632857,raw/afo/index.php/afo/article/download/85/75.html
https://afo.birdlife.org.au/afo/index.php/afo/article/download/86/76,200,application/pdf,2551505,raw/afo/index.php/afo/article/download/86/76.html
https://afo.birdlife.org.au/afo/index.php/afo/article/download/2028/2017,200,application/pdf,3271549,raw/afo/index.php/afo/article/download/2028/2017.html
https://afo.birdlife.org.au/afo/index.php/afo/article/download/2026/2015,200,application/pdf,1915079,raw/afo/index.php/afo/article/download/2026/2015.html
https://afo.birdlife.org.au/afo/index.php/afo/article/download/89/79,200,application/pdf,4432337,raw/afo/index.php/afo/article/download/89/79.html
https://afo.birdlife.org.au/afo/index.php/afo/article/download/90/80,200,application/pdf,2145538,raw/afo/index.php/afo/article/download/90/80.html
https://afo.birdlife.org.au/afo/index.php/afo/article/download/79/69,200,application/pdf,7336215,raw/afo/index.php/afo/article/download/79/69.html
https://afo.birdlife.org.au/afo/index.php/afo/article/download/500/484,200,application/pdf,6514070,raw/afo/index.php/afo/article/download/500/484.html
https://afo.birdlife.org.au/afo/index.php/afo/article/download/80/70,200,application/pdf,3200251,raw/afo/index.php/afo/article/download/80/70.html
https://afo.birdlife.org.au/afo/index.php/afo/article/download/81/71,200,application/pdf,2181204,raw/afo/index.php/afo/article/download/81/71.html
https://afo.birdlife.org.au/afo/index.php/afo/article/download/82/72,200,application/pdf,3362620,raw/afo/index.php/afo/article/download/82/72.html
https://afo.birdlife.org.au/afo/index.php/afo/article/download/83/73,200,application/pdf,2467902,raw/afo/index.php/afo/article/download/83/73.html
https://afo.birdlife.org.au/afo/index.php/afo/article/download/501/485,200,application/pdf,3283002,raw/afo/index.php/afo/article/download/501/485.html
https://afo.birdlife.org.au/afo/index.php/afo/article/download/671/656,200,application/pdf,7114576,raw/afo/index.php/afo/article/download/671/656.html
https://afo.birdlife.org.au/afo/index.php/afo/article/download/111/101,200,application/pdf,5187590,raw/afo/index.php/afo/article/download/111/101.html
https://afo.birdlife.org.au/afo/index.php/afo/article/download/112/102,200,application/pdf,7940360,raw/afo/index.php/afo/article/download/112/102.html
https://afo.birdlife.org.au/afo/index.php/afo/article/download/113/103,200,application/pdf,3645879,raw/afo/index.php/afo/article/download/113/103.html
https://afo.birdlife.org.au/afo/index.php/afo/article/download/114/104,200,application/pdf,2656737,raw/afo/index.php/afo/article/download/114/104.html
https://afo.birdlife.org.au/afo/index.php/afo/article/download/115/105,200,application/pdf,7403166,raw/afo/index.php/afo/article/download/115/105.html
https://afo.birdlife.org.au/afo/index.php/afo/article/download/116/106,200,application/pdf,2145107,raw/afo/index.php/afo/article/download/116/106.html
https://afo.birdlife.org.au/afo/index.php/afo/article/download/117/107,200,application/pdf,2380777,raw/afo/index.php/afo/article/download/117/107.html
https://afo.birdlife.org.au/afo/index.php/afo/article/download/107/97,200,application/pdf,4968308,raw/afo/index.php/afo/article/download/107/97.html
https://afo.birdlife.org.au/afo/index.php/afo/article/download/519/503,200,application/pdf,6614011,raw/afo/index.php/afo/article/download/519/503.html
https://afo.birdlife.org.au/afo/index.php/afo/article/download/108/98,200,application/pdf,3400487,raw/afo/index.php/afo/article/download/108/98.html
https://afo.birdlife.org.au/afo/index.php/afo/article/download/109/99,200,application/pdf,6488101,raw/afo/index.php/afo/article/download/109/99.html
https://afo.birdlife.org.au/afo/index.php/afo/article/download/110/100,200,application/pdf,2918367,raw/afo/index.php/afo/article/download/110/100.html
https://afo.birdlife.org.au/afo/index.php/afo/article/download/118/108,200,application/pdf,2321820,raw/afo/index.php/afo/article/download/118/108.html
https://afo.birdlife.org.au/afo/index.php/afo/article/download/119/109,200,application/pdf,8161879,raw/afo/index.php/afo/article/download/119/109.html
https://afo.birdlife.org.au/afo/index.php/afo/article/download/120/110,200,application/pdf,6704471,raw/afo/index.php/afo/article/download/120/110.html
https://afo.birdlife.org.au/afo/index.php/afo/article/download/121/111,200,application/pdf,7440300,raw/afo/index.php/afo/article/download/121/111.html
https://afo.birdlife.org.au/afo/index.php/afo/article/download/123/113,200,application/pdf,1933196,raw/afo/index.php/afo/article/download/123/113.html
https://afo.birdlife.org.au/afo/index.php/afo/article/download/124/114,200,application/pdf,2523995,raw/afo/index.php/afo/article/download/124/114.html
https://afo.birdlife.org.au/afo/index.php/afo/article/download/518/502,200,application/pdf,4473287,raw/afo/index.php/afo/article/download/518/502.html
https://afo.birdlife.org.au/afo/index.php/afo/article/download/104/94,200,application/pdf,3611128,raw/afo/index.php/afo/article/download/104/94.html
https://afo.birdlife.org.au/afo/index.php/afo/article/download/516/500,200,application/pdf,4422100,raw/afo/index.php/afo/article/download/516/500.html
https://afo.birdlife.org.au/afo/index.php/afo/article/download/517/501,200,application/pdf,4986864,raw/afo/index.php/afo/article/download/517/501.html
https://afo.birdlife.org.au/afo/index.php/afo/article/download/105/95,200,application/pdf,2990636,raw/afo/index.php/afo/article/download/105/95.html
https://afo.birdlife.org.au/afo/index.php/afo/article/download/106/96,200,application/pdf,5264960,raw/afo/index.php/afo/article/download/106/96.html
https://afo.birdlife.org.au/afo/index.php/afo/article/download/523/507,200,application/pdf,6068307,raw/afo/index.php/afo/article/download/523/507.html
https://afo.birdlife.org.au/afo/index.php/afo/article/download/186/176,200,application/pdf,4270580,raw/afo/index.php/afo/article/download/186/176.html
https://afo.birdlife.org.au/afo/index.php/afo/article/download/638/624,200,application/pdf,6678353,raw/afo/index.php/afo/article/download/638/624.html
https://afo.birdlife.org.au/afo/index.php/afo/article/download/639/625,200,application/pdf,4888318,raw/afo/index.php/afo/article/download/639/625.html
https://afo.birdlife.org.au/afo/index.php/afo/article/download/174/164,200,application/pdf,4381402,raw/afo/index.php/afo/article/download/174/164.html
https://afo.birdlife.org.au/afo/index.php/afo/article/download/175/165,200,application/pdf,5367458,raw/afo/index.php/afo/article/download/175/165.html
https://afo.birdlife.org.au/afo/index.php/afo/article/download/522/506,200,application/pdf,3989168,raw/afo/index.php/afo/article/download/522/506.html
https://afo.birdlife.org.au/afo/index.php/afo/article/download/176/166,200,application/pdf,2910222,raw/afo/index.php/afo/article/download/176/166.html
https://afo.birdlife.org.au/afo/index.php/afo/article/download/177/167,200,application/pdf,2491691,raw/afo/index.php/afo/article/download/177/167.html
https://afo.birdlife.org.au/afo/index.php/afo/article/download/178/168,200,application/pdf,2748758,raw/afo/index.php/afo/article/download/178/168.html
https://afo.birdlife.org.au/afo/index.php/afo/article/download/179/169,200,application/pdf,1344737,raw/afo/index.php/afo/article/download/179/169.html
https://afo.birdlife.org.au/afo/index.php/afo/article/download/180/170,200,application/pdf,1259673,raw/afo/index.php/afo/article/download/180/170.html
https://afo.birdlife.org.au/afo/index.php/afo/article/download/181/171,200,application/pdf,2059325,raw/afo/index.php/afo/article/download/181/171.html
https://afo.birdlife.org.au/afo/index.php/afo/article/download/182/172,200,application/pdf,3406777,raw/afo/index.php/afo/article/download/182/172.html
https://afo.birdlife.org.au/afo/index.php/afo/article/download/183/173,200,application/pdf,1509904,raw/afo/index.php/afo/article/download/183/173.html
https://afo.birdlife.org.au/afo/index.php/afo/article/download/184/174,200,application/pdf,1671128,raw/afo/index.php/afo/article/download/184/174.html
https://afo.birdlife.org.au/afo/index.php/afo/article/download/185/175,200,application/pdf,2721608,raw/afo/index.php/afo/article/download/185/175.html
https://afo.birdlife.org.au/afo/index.php/afo/article/download/167/157,200,application/pdf,4580640,raw/afo/index.php/afo/article/download/167/157.html
https://afo.birdlife.org.au/afo/index.php/afo/article/download/524/508,200,application/pdf,6715469,raw/afo/index.php/afo/article/download/524/508.html
https://afo.birdlife.org.au/afo/index.php/afo/article/download/168/158,200,application/pdf,5957577,raw/afo/index.php/afo/article/download/168/158.html
https://afo.birdlife.org.au/afo/index.php/afo/article/download/169/159,200,application/pdf,5897654,raw/afo/index.php/afo/article/download/169/159.html
https://afo.birdlife.org.au/afo/index.php/afo/article/download/520/504,200,application/pdf,4960465,raw/afo/index.php/afo/article/download/520/504.html
https://afo.birdlife.org.au/afo/index.php/afo/article/download/170/160,200,application/pdf,2130670,raw/afo/index.php/afo/article/download/170/160.html
https://afo.birdlife.org.au/afo/index.php/afo/article/download/171/161,200,application/pdf,3075987,raw/afo/index.php/afo/article/download/171/161.html
https://afo.birdlife.org.au/afo/index.php/afo/article/download/172/162,200,application/pdf,5397353,raw/afo/index.php/afo/article/download/172/162.html
https://afo.birdlife.org.au/afo/index.php/afo/article/download/173/163,200,application/pdf,1876989,raw/afo/index.php/afo/article/download/173/163.html
https://afo.birdlife.org.au/afo/index.php/afo/article/download/521/505,200,application/pdf,3402320,raw/afo/index.php/afo/article/download/521/505.html
https://afo.birdlife.org.au/afo/index.php/afo/article/download/641/627,200,application/pdf,5802598,raw/afo/index.php/afo/article/download/641/627.html
https://afo.birdlife.org.au/afo/index.php/afo/article/download/642/628,200,application/pdf,6367975,raw/afo/index.php/afo/article/download/642/628.html
https://afo.birdlife.org.au/afo/index.php/afo/article/download/643/629,200,application/pdf,6870374,raw/afo/index.php/afo/article/download/643/629.html
https://afo.birdlife.org.au/afo/index.php/afo/article/download/142/132,200,application/pdf,1005407,raw/afo/index.php/afo/article/download/142/132.html
https://afo.birdlife.org.au/afo/index.php/afo/article/download/143/133,200,application/pdf,3002774,raw/afo/index.php/afo/article/download/143/133.html
https://afo.birdlife.org.au/afo/index.php/afo/article/download/187/177,200,application/pdf,5910021,raw/afo/index.php/afo/article/download/187/177.html
https://afo.birdlife.org.au/afo/index.php/afo/article/download/137/127,200,application/pdf,5749975,raw/afo/index.php/afo/article/download/137/127.html
https://afo.birdlife.org.au/afo/index.php/afo/article/download/138/128,200,application/pdf,6990268,raw/afo/index.php/afo/article/download/138/128.html
https://afo.birdlife.org.au/afo/index.php/afo/article/download/139/129,200,application/pdf,1966220,raw/afo/index.php/afo/article/download/139/129.html
https://afo.birdlife.org.au/afo/index.php/afo/article/download/140/130,200,application/pdf,3039118,raw/afo/index.php/afo/article/download/140/130.html
https://afo.birdlife.org.au/afo/index.php/afo/article/download/141/131,200,application/pdf,2984517,raw/afo/index.php/afo/article/download/141/131.html
https://afo.birdlife.org.au/afo/index.php/afo/article/download/132/122,200,application/pdf,8135322,raw/afo/index.php/afo/article/download/132/122.html
https://afo.birdlife.org.au/afo/index.php/afo/article/download/133/123,200,application/pdf,5695938,raw/afo/index.php/afo/article/download/133/123.html
https://afo.birdlife.org.au/afo/index.php/afo/article/download/640/626,200,application/pdf,4176667,raw/afo/index.php/afo/article/download/640/626.html
https://afo.birdlife.org.au/afo/index.php/afo/article/download/134/124,200,application/pdf,1695171,raw/afo/index.php/afo/article/download/134/124.html
https://afo.birdlife.org.au/afo/index.php/afo/article/download/135/125,200,application/pdf,1316526,raw/afo/index.php/afo/article/download/135/125.html
https://afo.birdlife.org.au/afo/index.php/afo/article/download/136/126,200,application/pdf,2115281,raw/afo/index.php/afo/article/download/136/126.html
https://afo.birdlife.org.au/afo/index.php/afo/article/download/125/115,200,application/pdf,4965837,raw/afo/index.php/afo/article/download/125/115.html
https://afo.birdlife.org.au/afo/index.php/afo/article/download/126/116,200,application/pdf,5697093,raw/afo/index.php/afo/article/download/126/116.html
https://afo.birdlife.org.au/afo/index.php/afo/article/download/127/117,200,application/pdf,6691659,raw/afo/index.php/afo/article/download/127/117.html
https://afo.birdlife.org.au/afo/index.php/afo/article/download/128/118,200,application/pdf,1946792,raw/afo/index.php/afo/article/download/128/118.html
https://afo.birdlife.org.au/afo/index.php/afo/article/download/129/119,200,application/pdf,2884735,raw/afo/index.php/afo/article/download/129/119.html
https://afo.birdlife.org.au/afo/index.php/afo/article/download/130/120,200,application/pdf,2816975,raw/afo/index.php/afo/article/download/130/120.html
https://afo.birdlife.org.au/afo/index.php/afo/article/download/131/121,200,application/pdf,7761206,raw/afo/index.php/afo/article/download/131/121.html
https://afo.birdlife.org.au/afo/index.php/afo/article/download/188/178,200,application/pdf,8335292,raw/afo/index.php/afo/article/download/188/178.html
https://afo.birdlife.org.au/afo/index.php/afo/article/download/189/179,200,application/pdf,6250732,raw/afo/index.php/afo/article/download/189/179.html
https://afo.birdlife.org.au/afo/index.php/afo/article/download/190/180,200,application/pdf,2291179,raw/afo/index.php/afo/article/download/190/180.html
https://afo.birdlife.org.au/afo/index.php/afo/article/download/191/181,200,application/pdf,1096142,raw/afo/index.php/afo/article/download/191/181.html
https://afo.birdlife.org.au/afo/index.php/afo/article/download/192/182,200,application/pdf,1005697,raw/afo/index.php/afo/article/download/192/182.html
https://afo.birdlife.org.au/afo/index.php/afo/article/download/193/183,200,application/pdf,1779333,raw/afo/index.php/afo/article/download/193/183.html
https://afo.birdlife.org.au/afo/index.php/afo/article/download/194/184,200,application/pdf,968943,raw/afo/index.php/afo/article/download/194/184.html
https://afo.birdlife.org.au/afo/index.php/afo/article/download/195/185,200,application/pdf,950767,raw/afo/index.php/afo/article/download/195/185.html
https://afo.birdlife.org.au/afo/index.php/afo/article/download/686/670,200,application/pdf,4293035,raw/afo/index.php/afo/article/download/686/670.html
https://afo.birdlife.org.au/afo/index.php/afo/article/download/196/186,200,application/pdf,7162231,raw/afo/index.php/afo/article/download/196/186.html
https://afo.birdlife.org.au/afo/index.php/afo/article/download/197/187,200,application/pdf,3127441,raw/afo/index.php/afo/article/download/197/187.html
https://afo.birdlife.org.au/afo/index.php/afo/article/download/198/188,200,application/pdf,7668670,raw/afo/index.php/afo/article/download/198/188.html
https://afo.birdlife.org.au/afo/index.php/afo/article/download/199/189,200,application/pdf,2656017,raw/afo/index.php/afo/article/download/199/189.html
https://afo.birdlife.org.au/afo/index.php/afo/article/download/200/190,200,application/pdf,2871437,raw/afo/index.php/afo/article/download/200/190.html
https://afo.birdlife.org.au/afo/index.php/afo/article/download/201/191,200,application/pdf,1018183,raw/afo/index.php/afo/article/download/201/191.html
https://afo.birdlife.org.au/afo/index.php/afo/article/download/202/192,200,application/pdf,1355405,raw/afo/index.php/afo/article/download/202/192.html
https://afo.birdlife.org.au/afo/index.php/afo/article/download/203/193,200,application/pdf,1717004,raw/afo/index.php/afo/article/download/203/193.html
https://afo.birdlife.org.au/afo/index.php/afo/article/download/204/194,200,application/pdf,1198122,raw/afo/index.php/afo/article/download/204/194.html
https://afo.birdlife.org.au/afo/index.php/afo/article/download/205/195,200,application/pdf,3351396,raw/afo/index.php/afo/article/download/205/195.html
https://afo.birdlife.org.au/afo/index.php/afo/article/download/206/196,200,application/pdf,7781281,raw/afo/index.php/afo/article/download/206/196.html
https://afo.birdlife.org.au/afo/index.php/afo/article/download/207/197,200,application/pdf,2825903,raw/afo/index.php/afo/article/download/207/197.html
https://afo.birdlife.org.au/afo/index.php/afo/article/download/208/198,200,application/pdf,3343513,raw/afo/index.php/afo/article/download/208/198.html
https://afo.birdlife.org.au/afo/index.php/afo/article/download/209/199,200,application/pdf,5332753,raw/afo/index.php/afo/article/download/209/199.html
https://afo.birdlife.org.au/afo/index.php/afo/article/download/210/200,200,application/pdf,1896892,raw/afo/index.php/afo/article/download/210/200.html
https://afo.birdlife.org.au/afo/index.php/afo/article/download/211/201,200,application/pdf,2190416,raw/afo/index.php/afo/article/download/211/201.html
https://afo.birdlife.org.au/afo/index.php/afo/article/download/212/202,200,application/pdf,1721144,raw/afo/index.php/afo/article/download/212/202.html
https://afo.birdlife.org.au/afo/index.php/afo/article/download/213/203,200,application/pdf,764723,raw/afo/index.php/afo/article/download/213/203.html
https://afo.birdlife.org.au/afo/index.php/afo/article/download/214/204,200,application/pdf,834878,raw/afo/index.php/afo/article/download/214/204.html
https://afo.birdlife.org.au/afo/index.php/afo/article/download/215/205,200,application/pdf,2091584,raw/afo/index.php/afo/article/download/215/205.html
https://afo.birdlife.org.au/afo/index.php/afo/article/download/216/206,200,application/pdf,2053746,raw/afo/index.php/afo/article/download/216/206.html
https://afo.birdlife.org.au/afo/index.php/afo/article/download/217/207,200,application/pdf,3502018,raw/afo/index.php/afo/article/download/217/207.html
https://afo.birdlife.org.au/afo/index.php/afo/article/download/669/654,200,application/pdf,3580297,raw/afo/index.php/afo/article/download/669/654.html
https://afo.birdlife.org.au/afo/index.php/afo/article/download/218/208,200,application/pdf,6029848,raw/afo/index.php/afo/article/download/218/208.html
https://afo.birdlife.org.au/afo/index.php/afo/article/download/219/209,200,application/pdf,6693944,raw/afo/index.php/afo/article/download/219/209.html
https://afo.birdlife.org.au/afo/index.php/afo/article/download/220/210,200,application/pdf,1751036,raw/afo/index.php/afo/article/download/220/210.html
https://afo.birdlife.org.au/afo/index.php/afo/article/download/670/655,200,application/pdf,2979616,raw/afo/index.php/afo/article/download/670/655.html
https://afo.birdlife.org.au/afo/index.php/afo/article/download/158/148,200,application/pdf,5526794,raw/afo/index.php/afo/article/download/158/148.html
https://afo.birdlife.org.au/afo/index.php/afo/article/download/685/669,200,application/pdf,5007521,raw/afo/index.php/afo/article/download/685/669.html
https://afo.birdlife.org.au/afo/index.php/afo/article/download/159/149,200,application/pdf,7020923,raw/afo/index.php/afo/article/download/159/149.html
https://afo.birdlife.org.au/afo/index.php/afo/article/download/160/150,200,application/pdf,7776035,raw/afo/index.php/afo/article/download/160/150.html
https://afo.birdlife.org.au/afo/index.php/afo/article/download/161/151,200,application/pdf,2773528,raw/afo/index.php/afo/article/download/161/151.html
https://afo.birdlife.org.au/afo/index.php/afo/article/download/162/152,200,application/pdf,3575606,raw/afo/index.php/afo/article/download/162/152.html
https://afo.birdlife.org.au/afo/index.php/afo/article/download/163/153,200,application/pdf,1765902,raw/afo/index.php/afo/article/download/163/153.html
https://afo.birdlife.org.au/afo/index.php/afo/article/download/164/154,200,application/pdf,1489980,raw/afo/index.php/afo/article/download/164/154.html
https://afo.birdlife.org.au/afo/index.php/afo/article/download/165/155,200,application/pdf,837991,raw/afo/index.php/afo/article/download/165/155.html
https://afo.birdlife.org.au/afo/index.php/afo/article/download/166/156,200,application/pdf,2243117,raw/afo/index.php/afo/article/download/166/156.html
https://afo.birdlife.org.au/afo/index.php/afo/article/download/680/664,200,application/pdf,4403697,raw/afo/index.php/afo/article/download/680/664.html
https://afo.birdlife.org.au/afo/index.php/afo/article/download/681/665,200,application/pdf,4067902,raw/afo/index.php/afo/article/download/681/665.html
https://afo.birdlife.org.au/afo/index.php/afo/article/download/156/146,200,application/pdf,6444528,raw/afo/index.php/afo/article/download/156/146.html
https://afo.birdlife.org.au/afo/index.php/afo/article/download/682/666,200,application/pdf,2119590,raw/afo/index.php/afo/article/download/682/666.html
https://afo.birdlife.org.au/afo/index.php/afo/article/download/683/667,200,application/pdf,2208595,raw/afo/index.php/afo/article/download/683/667.html
https://afo.birdlife.org.au/afo/index.php/afo/article/download/684/668,200,application/pdf,2967957,raw/afo/index.php/afo/article/download/684/668.html
https://afo.birdlife.org.au/afo/index.php/afo/article/download/157/147,200,application/pdf,2115200,raw/afo/index.php/afo/article/download/157/147.html
https://afo.birdlife.org.au/afo/index.php/afo/article/download/148/138,200,application/pdf,5584014,raw/afo/index.php/afo/article/download/148/138.html
https://afo.birdlife.org.au/afo/index.php/afo/article/download/149/139,200,application/pdf,4969068,raw/afo/index.php/afo/article/download/149/139.html
https://afo.birdlife.org.au/afo/index.php/afo/article/download/674/2004,200,application/pdf,5846290,raw/afo/index.php/afo/article/download/674/2004.html
https://afo.birdlife.org.au/afo/index.php/afo/article/download/675/659,200,application/pdf,3285360,raw/afo/index.php/afo/article/download/675/659.html
https://afo.birdlife.org.au/afo/index.php/afo/article/download/151/141,200,application/pdf,2817098,raw/afo/index.php/afo/article/download/151/141.html
https://afo.birdlife.org.au/afo/index.php/afo/article/download/677/661,200,application/pdf,998928,raw/afo/index.php/afo/article/download/677/661.html
https://afo.birdlife.org.au/afo/index.php/afo/article/download/678/662,200,application/pdf,1678348,raw/afo/index.php/afo/article/download/678/662.html
https://afo.birdlife.org.au/afo/index.php/afo/article/download/679/663,200,application/pdf,3055422,raw/afo/index.php/afo/article/download/679/663.html
https://afo.birdlife.org.au/afo/index.php/afo/article/download/155/145,200,application/pdf,944755,raw/afo/index.php/afo/article/download/155/145.html
https://afo.birdlife.org.au/afo/index.php/afo/article/download/672/657,200,application/pdf,2892122,raw/afo/index.php/afo/article/download/672/657.html
https://afo.birdlife.org.au/afo/index.php/afo/article/download/144/134,200,application/pdf,7072600,raw/afo/index.php/afo/article/download/144/134.html
https://afo.birdlife.org.au/afo/index.php/afo/article/download/145/135,200,application/pdf,3780375,raw/afo/index.php/afo/article/download/145/135.html
https://afo.birdlife.org.au/afo/index.php/afo/article/download/673/658,200,application/pdf,5346717,raw/afo/index.php/afo/article/download/673/658.html
https://afo.birdlife.org.au/afo/index.php/afo/article/download/146/136,200,application/pdf,2001055,raw/afo/index.php/afo/article/download/146/136.html
https://afo.birdlife.org.au/afo/index.php/afo/article/download/147/137,200,application/pdf,957757,raw/afo/index.php/afo/article/download/147/137.html
https://afo.birdlife.org.au/afo/index.php/afo/article/download/693/677,200,application/pdf,6336645,raw/afo/index.php/afo/article/download/693/677.html
https://afo.birdlife.org.au/afo/index.php/afo/article/download/694/678,200,application/pdf,3963009,raw/afo/index.php/afo/article/download/694/678.html
https://afo.birdlife.org.au/afo/index.php/afo/article/download/695/679,200,application/pdf,3813312,raw/afo/index.php/afo/article/download/695/679.html
https://afo.birdlife.org.au/afo/index.php/afo/article/download/248/237,200,application/pdf,5841456,raw/afo/index.php/afo/article/download/248/237.html
https://afo.birdlife.org.au/afo/index.php/afo/article/download/249/238,200,application/pdf,2695713,raw/afo/index.php/afo/article/download/249/238.html
https://afo.birdlife.org.au/afo/index.php/afo/article/download/250/239,200,application/pdf,2062218,raw/afo/index.php/afo/article/download/250/239.html
https://afo.birdlife.org.au/afo/index.php/afo/article/download/696/680,200,application/pdf,1972044,raw/afo/index.php/afo/article/download/696/680.html
https://afo.birdlife.org.au/afo/index.php/afo/article/download/252/241,200,application/pdf,1331949,raw/afo/index.php/afo/article/download/252/241.html
https://afo.birdlife.org.au/afo/index.php/afo/article/download/691/675,200,application/pdf,3806344,raw/afo/index.php/afo/article/download/691/675.html
https://afo.birdlife.org.au/afo/index.php/afo/article/download/692/676,200,application/pdf,4668472,raw/afo/index.php/afo/article/download/692/676.html
https://afo.birdlife.org.au/afo/index.php/afo/article/download/236/225,200,application/pdf,7473526,raw/afo/index.php/afo/article/download/236/225.html
https://afo.birdlife.org.au/afo/index.php/afo/article/download/237/226,200,application/pdf,4779812,raw/afo/index.php/afo/article/download/237/226.html
https://afo.birdlife.org.au/afo/index.php/afo/article/download/238/227,200,application/pdf,1502556,raw/afo/index.php/afo/article/download/238/227.html
https://afo.birdlife.org.au/afo/index.php/afo/article/download/239/228,200,application/pdf,3044840,raw/afo/index.php/afo/article/download/239/228.html
https://afo.birdlife.org.au/afo/index.php/afo/article/download/240/229,200,application/pdf,2904847,raw/afo/index.php/afo/article/download/240/229.html
https://afo.birdlife.org.au/afo/index.php/afo/article/download/241/230,200,application/pdf,1405908,raw/afo/index.php/afo/article/download/241/230.html
https://afo.birdlife.org.au/afo/index.php/afo/article/download/242/231,200,application/pdf,1169240,raw/afo/index.php/afo/article/download/242/231.html
https://afo.birdlife.org.au/afo/index.php/afo/article/download/243/232,200,application/pdf,1408675,raw/afo/index.php/afo/article/download/243/232.html
https://afo.birdlife.org.au/afo/index.php/afo/article/download/244/233,200,application/pdf,2171578,raw/afo/index.php/afo/article/download/244/233.html
https://afo.birdlife.org.au/afo/index.php/afo/article/download/245/234,200,application/pdf,1694570,raw/afo/index.php/afo/article/download/245/234.html
https://afo.birdlife.org.au/afo/index.php/afo/article/download/246/235,200,application/pdf,1671709,raw/afo/index.php/afo/article/download/246/235.html
https://afo.birdlife.org.au/afo/index.php/afo/article/download/247/236,200,application/pdf,1067761,raw/afo/index.php/afo/article/download/247/236.html
https://afo.birdlife.org.au/afo/index.php/afo/article/download/689/673,200,application/pdf,4743243,raw/afo/index.php/afo/article/download/689/673.html
https://afo.birdlife.org.au/afo/index.php/afo/article/download/690/674,200,application/pdf,3747440,raw/afo/index.php/afo/article/download/690/674.html
https://afo.birdlife.org.au/afo/index.php/afo/article/download/226/215,200,application/pdf,4059759,raw/afo/index.php/afo/article/download/226/215.html
https://afo.birdlife.org.au/afo/index.php/afo/article/download/227/216,200,application/pdf,1487717,raw/afo/index.php/afo/article/download/227/216.html
https://afo.birdlife.org.au/afo/index.php/afo/article/download/228/217,200,application/pdf,1393798,raw/afo/index.php/afo/article/download/228/217.html
https://afo.birdlife.org.au/afo/index.php/afo/article/download/230/219,200,application/pdf,1728435,raw/afo/index.php/afo/article/download/230/219.html
https://afo.birdlife.org.au/afo/index.php/afo/article/download/231/220,200,application/pdf,2666102,raw/afo/index.php/afo/article/download/231/220.html
https://afo.birdlife.org.au/afo/index.php/afo/article/download/232/221,200,application/pdf,1281943,raw/afo/index.php/afo/article/download/232/221.html
https://afo.birdlife.org.au/afo/index.php/afo/article/download/233/222,200,application/pdf,3067190,raw/afo/index.php/afo/article/download/233/222.html
https://afo.birdlife.org.au/afo/index.php/afo/article/download/234/223,200,application/pdf,2868645,raw/afo/index.php/afo/article/download/234/223.html
https://afo.birdlife.org.au/afo/index.php/afo/article/download/229/218,200,application/pdf,6850815,raw/afo/index.php/afo/article/download/229/218.html
https://afo.birdlife.org.au/afo/index.php/afo/article/download/235/224,200,application/pdf,1430454,raw/afo/index.php/afo/article/download/235/224.html
https://afo.birdlife.org.au/afo/index.php/afo/article/download/221/211,200,application/pdf,4918061,raw/afo/index.php/afo/article/download/221/211.html
https://afo.birdlife.org.au/afo/index.php/afo/article/download/687/671,200,application/pdf,5210627,raw/afo/index.php/afo/article/download/687/671.html
https://afo.birdlife.org.au/afo/index.php/afo/article/download/222/212,200,application/pdf,6616831,raw/afo/index.php/afo/article/download/222/212.html
https://afo.birdlife.org.au/afo/index.php/afo/article/download/223/2003,200,application/pdf,5595921,raw/afo/index.php/afo/article/download/223/2003.html
https://afo.birdlife.org.au/afo/index.php/afo/article/download/224/213,200,application/pdf,1964474,raw/afo/index.php/afo/article/download/224/213.html
https://afo.birdlife.org.au/afo/index.php/afo/article/download/225/214,200,application/pdf,3625720,raw/afo/index.php/afo/article/download/225/214.html
https://afo.birdlife.org.au/afo/index.php/afo/article/download/688/672,200,application/pdf,4606980,raw/afo/index.php/afo/article/download/688/672.html
https://afo.birdlife.org.au/afo/index.php/afo/article/download/704/688,200,application/pdf,3687600,raw/afo/index.php/afo/article/download/704/688.html
https://afo.birdlife.org.au/afo/index.php/afo/article/download/705/689,200,application/pdf,4004732,raw/afo/index.php/afo/article/download/705/689.html
https://afo.birdlife.org.au/afo/index.php/afo/article/download/281/270,200,application/pdf,355107,raw/afo/index.php/afo/article/download/281/270.html
https://afo.birdlife.org.au/afo/index.php/afo/article/download/370/357,200,application/pdf,4552752,raw/afo/index.php/afo/article/download/370/357.html
https://afo.birdlife.org.au/afo/index.php/afo/article/download/372/359,200,application/pdf,8294147,raw/afo/index.php/afo/article/download/372/359.html
https://afo.birdlife.org.au/afo/index.php/afo/article/download/706/690,200,application/pdf,3791656,raw/afo/index.php/afo/article/download/706/690.html
https://afo.birdlife.org.au/afo/index.php/afo/article/download/707/691,200,application/pdf,7802788,raw/afo/index.php/afo/article/download/707/691.html
https://afo.birdlife.org.au/afo/index.php/afo/article/download/701/685,200,application/pdf,4601887,raw/afo/index.php/afo/article/download/701/685.html
https://afo.birdlife.org.au/afo/index.php/afo/article/download/702/686,200,application/pdf,4126763,raw/afo/index.php/afo/article/download/702/686.html
https://afo.birdlife.org.au/afo/index.php/afo/article/download/703/687,200,application/pdf,3065130,raw/afo/index.php/afo/article/download/703/687.html
https://afo.birdlife.org.au/afo/index.php/afo/article/download/268/257,200,application/pdf,7782789,raw/afo/index.php/afo/article/download/268/257.html
https://afo.birdlife.org.au/afo/index.php/afo/article/download/700/684,200,application/pdf,5718335,raw/afo/index.php/afo/article/download/700/684.html
https://afo.birdlife.org.au/afo/index.php/afo/article/download/270/259,200,application/pdf,4976062,raw/afo/index.php/afo/article/download/270/259.html
https://afo.birdlife.org.au/afo/index.php/afo/article/download/271/260,200,application/pdf,2791539,raw/afo/index.php/afo/article/download/271/260.html
https://afo.birdlife.org.au/afo/index.php/afo/article/download/272/261,200,application/pdf,3705313,raw/afo/index.php/afo/article/download/272/261.html
https://afo.birdlife.org.au/afo/index.php/afo/article/download/273/262,200,application/pdf,1535348,raw/afo/index.php/afo/article/download/273/262.html
https://afo.birdlife.org.au/afo/index.php/afo/article/download/274/263,200,application/pdf,1929777,raw/afo/index.php/afo/article/download/274/263.html
https://afo.birdlife.org.au/afo/index.php/afo/article/download/275/264,200,application/pdf,2646583,raw/afo/index.php/afo/article/download/275/264.html
https://afo.birdlife.org.au/afo/index.php/afo/article/download/276/265,200,application/pdf,3312636,raw/afo/index.php/afo/article/download/276/265.html
https://afo.birdlife.org.au/afo/index.php/afo/article/download/277/266,200,application/pdf,2313585,raw/afo/index.php/afo/article/download/277/266.html
https://afo.birdlife.org.au/afo/index.php/afo/article/download/278/267,200,application/pdf,1239322,raw/afo/index.php/afo/article/download/278/267.html
https://afo.birdlife.org.au/afo/index.php/afo/article/download/279/268,200,application/pdf,4103702,raw/afo/index.php/afo/article/download/279/268.html
https://afo.birdlife.org.au/afo/index.php/afo/article/download/280/269,200,application/pdf,2057242,raw/afo/index.php/afo/article/download/280/269.html
https://afo.birdlife.org.au/afo/index.php/afo/article/download/699/683,200,application/pdf,6054023,raw/afo/index.php/afo/article/download/699/683.html
https://afo.birdlife.org.au/afo/index.php/afo/article/download/260/249,200,application/pdf,4542186,raw/afo/index.php/afo/article/download/260/249.html
https://afo.birdlife.org.au/afo/index.php/afo/article/download/261/250,200,application/pdf,3286960,raw/afo/index.php/afo/article/download/261/250.html
https://afo.birdlife.org.au/afo/index.php/afo/article/download/262/251,200,application/pdf,3496642,raw/afo/index.php/afo/article/download/262/251.html
https://afo.birdlife.org.au/afo/index.php/afo/article/download/263/252,200,application/pdf,3537500,raw/afo/index.php/afo/article/download/263/252.html
https://afo.birdlife.org.au/afo/index.php/afo/article/download/875/856,200,application/pdf,5646522,raw/afo/index.php/afo/article/download/875/856.html
https://afo.birdlife.org.au/afo/index.php/afo/article/download/264/253,200,application/pdf,1242144,raw/afo/index.php/afo/article/download/264/253.html
https://afo.birdlife.org.au/afo/index.php/afo/article/download/265/254,200,application/pdf,1704917,raw/afo/index.php/afo/article/download/265/254.html
https://afo.birdlife.org.au/afo/index.php/afo/article/download/266/255,200,application/pdf,1447972,raw/afo/index.php/afo/article/download/266/255.html
https://afo.birdlife.org.au/afo/index.php/afo/article/download/267/256,200,application/pdf,7268916,raw/afo/index.php/afo/article/download/267/256.html
https://afo.birdlife.org.au/afo/index.php/afo/article/download/697/681,200,application/pdf,6243746,raw/afo/index.php/afo/article/download/697/681.html
https://afo.birdlife.org.au/afo/index.php/afo/article/download/253/242,200,application/pdf,7433074,raw/afo/index.php/afo/article/download/253/242.html
https://afo.birdlife.org.au/afo/index.php/afo/article/download/254/243,200,application/pdf,7120177,raw/afo/index.php/afo/article/download/254/243.html
https://afo.birdlife.org.au/afo/index.php/afo/article/download/698/682,200,application/pdf,5124539,raw/afo/index.php/afo/article/download/698/682.html
https://afo.birdlife.org.au/afo/index.php/afo/article/download/256/245,200,application/pdf,6895298,raw/afo/index.php/afo/article/download/256/245.html
https://afo.birdlife.org.au/afo/index.php/afo/article/download/257/246,200,application/pdf,2995393,raw/afo/index.php/afo/article/download/257/246.html
https://afo.birdlife.org.au/afo/index.php/afo/article/download/258/247,200,application/pdf,1991578,raw/afo/index.php/afo/article/download/258/247.html
https://afo.birdlife.org.au/afo/index.php/afo/article/download/259/248,200,application/pdf,2025020,raw/afo/index.php/afo/article/download/259/248.html
https://afo.birdlife.org.au/afo/index.php/afo/article/download/712/696,200,application/pdf,3358545,raw/afo/index.php/afo/article/download/712/696.html
https://afo.birdlife.org.au/afo/index.php/afo/article/download/302/291,200,application/pdf,5567220,raw/afo/index.php/afo/article/download/302/291.html
https://afo.birdlife.org.au/afo/index.php/afo/article/download/303/292,200,application/pdf,6001534,raw/afo/index.php/afo/article/download/303/292.html
https://afo.birdlife.org.au/afo/index.php/afo/article/download/304/293,200,application/pdf,2334021,raw/afo/index.php/afo/article/download/304/293.html
https://afo.birdlife.org.au/afo/index.php/afo/article/download/305/294,200,application/pdf,414073,raw/afo/index.php/afo/article/download/305/294.html
https://afo.birdlife.org.au/afo/index.php/afo/article/download/710/694,200,application/pdf,1371813,raw/afo/index.php/afo/article/download/710/694.html
https://afo.birdlife.org.au/afo/index.php/afo/article/download/301/290,200,application/pdf,521918,raw/afo/index.php/afo/article/download/301/290.html
https://afo.birdlife.org.au/afo/index.php/afo/article/download/711/695,200,application/pdf,1554449,raw/afo/index.php/afo/article/download/711/695.html
https://afo.birdlife.org.au/afo/index.php/afo/article/download/297/286,200,application/pdf,5131031,raw/afo/index.php/afo/article/download/297/286.html
https://afo.birdlife.org.au/afo/index.php/afo/article/download/298/287,200,application/pdf,4816495,raw/afo/index.php/afo/article/download/298/287.html
https://afo.birdlife.org.au/afo/index.php/afo/article/download/299/288,200,application/pdf,5349442,raw/afo/index.php/afo/article/download/299/288.html
https://afo.birdlife.org.au/afo/index.php/afo/article/download/300/289,200,application/pdf,866507,raw/afo/index.php/afo/article/download/300/289.html
https://afo.birdlife.org.au/afo/index.php/afo/article/download/709/693,200,application/pdf,2650851,raw/afo/index.php/afo/article/download/709/693.html
https://afo.birdlife.org.au/afo/index.php/afo/article/download/289/278,200,application/pdf,2431973,raw/afo/index.php/afo/article/download/289/278.html
https://afo.birdlife.org.au/afo/index.php/afo/article/download/290/279,200,application/pdf,2012679,raw/afo/index.php/afo/article/download/290/279.html
https://afo.birdlife.org.au/afo/index.php/afo/article/download/291/280,200,application/pdf,2221540,raw/afo/index.php/afo/article/download/291/280.html
https://afo.birdlife.org.au/afo/index.php/afo/article/download/292/281,200,application/pdf,1661416,raw/afo/index.php/afo/article/download/292/281.html
https://afo.birdlife.org.au/afo/index.php/afo/article/download/293/282,200,application/pdf,1588807,raw/afo/index.php/afo/article/download/293/282.html
https://afo.birdlife.org.au/afo/index.php/afo/article/download/294/283,200,application/pdf,621256,raw/afo/index.php/afo/article/download/294/283.html
https://afo.birdlife.org.au/afo/index.php/afo/article/download/295/284,200,application/pdf,1825416,raw/afo/index.php/afo/article/download/295/284.html
https://afo.birdlife.org.au/afo/index.php/afo/article/download/708/692,200,application/pdf,7484038,raw/afo/index.php/afo/article/download/708/692.html
https://afo.birdlife.org.au/afo/index.php/afo/article/download/282/271,200,application/pdf,4760221,raw/afo/index.php/afo/article/download/282/271.html
https://afo.birdlife.org.au/afo/index.php/afo/article/download/283/272,200,application/pdf,6799386,raw/afo/index.php/afo/article/download/283/272.html
https://afo.birdlife.org.au/afo/index.php/afo/article/download/284/273,200,application/pdf,4695292,raw/afo/index.php/afo/article/download/284/273.html
https://afo.birdlife.org.au/afo/index.php/afo/article/download/285/274,200,application/pdf,5823954,raw/afo/index.php/afo/article/download/285/274.html
https://afo.birdlife.org.au/afo/index.php/afo/article/download/286/275,200,application/pdf,866190,raw/afo/index.php/afo/article/download/286/275.html
https://afo.birdlife.org.au/afo/index.php/afo/article/download/287/276,200,application/pdf,2197590,raw/afo/index.php/afo/article/download/287/276.html
https://afo.birdlife.org.au/afo/index.php/afo/article/download/288/277,200,application/pdf,2365277,raw/afo/index.php/afo/article/download/288/277.html
https://afo.birdlife.org.au/afo/index.php/afo/article/download/296/285,200,application/pdf,6791333,raw/afo/index.php/afo/article/download/296/285.html
https://afo.birdlife.org.au/afo/index.php/afo/article/download/717/701,200,application/pdf,3776313,raw/afo/index.php/afo/article/download/717/701.html
https://afo.birdlife.org.au/afo/index.php/afo/article/download/718/702,200,application/pdf,3573020,raw/afo/index.php/afo/article/download/718/702.html
https://afo.birdlife.org.au/afo/index.php/afo/article/download/719/703,200,application/pdf,6772222,raw/afo/index.php/afo/article/download/719/703.html
https://afo.birdlife.org.au/afo/index.php/afo/article/download/336/323,200,application/pdf,4156077,raw/afo/index.php/afo/article/download/336/323.html
https://afo.birdlife.org.au/afo/index.php/afo/article/download/337/324,200,application/pdf,2524428,raw/afo/index.php/afo/article/download/337/324.html
https://afo.birdlife.org.au/afo/index.php/afo/article/download/338/325,200,application/pdf,1948833,raw/afo/index.php/afo/article/download/338/325.html
https://afo.birdlife.org.au/afo/index.php/afo/article/download/339/326,200,application/pdf,2813720,raw/afo/index.php/afo/article/download/339/326.html
https://afo.birdlife.org.au/afo/index.php/afo/article/download/340/327,200,application/pdf,2052385,raw/afo/index.php/afo/article/download/340/327.html
https://afo.birdlife.org.au/afo/index.php/afo/article/download/715/699,200,application/pdf,5356139,raw/afo/index.php/afo/article/download/715/699.html
https://afo.birdlife.org.au/afo/index.php/afo/article/download/716/700,200,application/pdf,4225140,raw/afo/index.php/afo/article/download/716/700.html
https://afo.birdlife.org.au/afo/index.php/afo/article/download/325/314,200,application/pdf,2715697,raw/afo/index.php/afo/article/download/325/314.html
https://afo.birdlife.org.au/afo/index.php/afo/article/download/326/315,200,application/pdf,3674461,raw/afo/index.php/afo/article/download/326/315.html
https://afo.birdlife.org.au/afo/index.php/afo/article/download/327/316,200,application/pdf,2207087,raw/afo/index.php/afo/article/download/327/316.html
https://afo.birdlife.org.au/afo/index.php/afo/article/download/328/2000,200,application/pdf,1160196,raw/afo/index.php/afo/article/download/328/2000.html
https://afo.birdlife.org.au/afo/index.php/afo/article/download/329/317,200,application/pdf,1011889,raw/afo/index.php/afo/article/download/329/317.html
https://afo.birdlife.org.au/afo/index.php/afo/article/download/330/2002,200,application/pdf,709152,raw/afo/index.php/afo/article/download/330/2002.html
https://afo.birdlife.org.au/afo/index.php/afo/article/download/331/318,200,application/pdf,2529166,raw/afo/index.php/afo/article/download/331/318.html
https://afo.birdlife.org.au/afo/index.php/afo/article/download/332/319,200,application/pdf,1997619,raw/afo/index.php/afo/article/download/332/319.html
https://afo.birdlife.org.au/afo/index.php/afo/article/download/333/320,200,application/pdf,2072164,raw/afo/index.php/afo/article/download/333/320.html
https://afo.birdlife.org.au/afo/index.php/afo/article/download/334/321,200,application/pdf,2450484,raw/afo/index.php/afo/article/download/334/321.html
https://afo.birdlife.org.au/afo/index.php/afo/article/download/335/322,200,application/pdf,678232,raw/afo/index.php/afo/article/download/335/322.html
https://afo.birdlife.org.au/afo/index.php/afo/article/download/315/304,200,application/pdf,5058212,raw/afo/index.php/afo/article/download/315/304.html
https://afo.birdlife.org.au/afo/index.php/afo/article/download/714/698,200,application/pdf,2437595,raw/afo/index.php/afo/article/download/714/698.html
https://afo.birdlife.org.au/afo/index.php/afo/article/download/316/305,200,application/pdf,4824356,raw/afo/index.php/afo/article/download/316/305.html
https://afo.birdlife.org.au/afo/index.php/afo/article/download/317/306,200,application/pdf,462887,raw/afo/index.php/afo/article/download/317/306.html
https://afo.birdlife.org.au/afo/index.php/afo/article/download/318/307,200,application/pdf,5118869,raw/afo/index.php/afo/article/download/318/307.html
https://afo.birdlife.org.au/afo/index.php/afo/article/download/319/308,200,application/pdf,5802342,raw/afo/index.php/afo/article/download/319/308.html
https://afo.birdlife.org.au/afo/index.php/afo/article/download/320/309,200,application/pdf,2006552,raw/afo/index.php/afo/article/download/320/309.html
https://afo.birdlife.org.au/afo/index.php/afo/article/download/321/310,200,application/pdf,2017018,raw/afo/index.php/afo/article/download/321/310.html
https://afo.birdlife.org.au/afo/index.php/afo/article/download/322/311,200,application/pdf,1723332,raw/afo/index.php/afo/article/download/322/311.html
https://afo.birdlife.org.au/afo/index.php/afo/article/download/323/312,200,application/pdf,1742537,raw/afo/index.php/afo/article/download/323/312.html
https://afo.birdlife.org.au/afo/index.php/afo/article/download/324/313,200,application/pdf,2689152,raw/afo/index.php/afo/article/download/324/313.html
https://afo.birdlife.org.au/afo/index.php/afo/article/download/306/295,200,application/pdf,7946109,raw/afo/index.php/afo/article/download/306/295.html
https://afo.birdlife.org.au/afo/index.php/afo/article/download/307/296,200,application/pdf,7969039,raw/afo/index.php/afo/article/download/307/296.html
https://afo.birdlife.org.au/afo/index.php/afo/article/download/713/697,200,application/pdf,831213,raw/afo/index.php/afo/article/download/713/697.html
https://afo.birdlife.org.au/afo/index.php/afo/article/download/308/297,200,application/pdf,3976190,raw/afo/index.php/afo/article/download/308/297.html
https://afo.birdlife.org.au/afo/index.php/afo/article/download/309/298,200,application/pdf,1805314,raw/afo/index.php/afo/article/download/309/298.html
https://afo.birdlife.org.au/afo/index.php/afo/article/download/310/299,200,application/pdf,1410403,raw/afo/index.php/afo/article/download/310/299.html
https://afo.birdlife.org.au/afo/index.php/afo/article/download/311/300,200,application/pdf,1337281,raw/afo/index.php/afo/article/download/311/300.html
https://afo.birdlife.org.au/afo/index.php/afo/article/download/312/301,200,application/pdf,2955094,raw/afo/index.php/afo/article/download/312/301.html
https://afo.birdlife.org.au/afo/index.php/afo/article/download/313/302,200,application/pdf,1716303,raw/afo/index.php/afo/article/download/313/302.html
https://afo.birdlife.org.au/afo/index.php/afo/article/download/314/303,200,application/pdf,1140900,raw/afo/index.php/afo/article/download/314/303.html
https://afo.birdlife.org.au/afo/index.php/afo/article/download/751/735,200,application/pdf,5967789,raw/afo/index.php/afo/article/download/751/735.html
https://afo.birdlife.org.au/afo/index.php/afo/article/download/752/1997,200,application/pdf,934724,raw/afo/index.php/afo/article/download/752/1997.html
https://afo.birdlife.org.au/afo/index.php/afo/article/download/753/736,200,application/pdf,6753392,raw/afo/index.php/afo/article/download/753/736.html
https://afo.birdlife.org.au/afo/index.php/afo/article/download/754/737,200,application/pdf,3022077,raw/afo/index.php/afo/article/download/754/737.html
https://afo.birdlife.org.au/afo/index.php/afo/article/download/755/738,200,application/pdf,2935051,raw/afo/index.php/afo/article/download/755/738.html
https://afo.birdlife.org.au/afo/index.php/afo/article/download/756/739,200,application/pdf,667928,raw/afo/index.php/afo/article/download/756/739.html
https://afo.birdlife.org.au/afo/index.php/afo/article/download/757/740,200,application/pdf,1001252,raw/afo/index.php/afo/article/download/757/740.html
https://afo.birdlife.org.au/afo/index.php/afo/article/download/758/741,200,application/pdf,1577533,raw/afo/index.php/afo/article/download/758/741.html
https://afo.birdlife.org.au/afo/index.php/afo/article/download/759/742,200,application/pdf,1928974,raw/afo/index.php/afo/article/download/759/742.html
https://afo.birdlife.org.au/afo/index.php/afo/article/download/760/743,200,application/pdf,3178123,raw/afo/index.php/afo/article/download/760/743.html
https://afo.birdlife.org.au/afo/index.php/afo/article/download/741/725,200,application/pdf,4820964,raw/afo/index.php/afo/article/download/741/725.html
https://afo.birdlife.org.au/afo/index.php/afo/article/download/742/726,200,application/pdf,4324149,raw/afo/index.php/afo/article/download/742/726.html
https://afo.birdlife.org.au/afo/index.php/afo/article/download/743/727,200,application/pdf,5359456,raw/afo/index.php/afo/article/download/743/727.html
https://afo.birdlife.org.au/afo/index.php/afo/article/download/744/728,200,application/pdf,3396231,raw/afo/index.php/afo/article/download/744/728.html
https://afo.birdlife.org.au/afo/index.php/afo/article/download/745/729,200,application/pdf,2474227,raw/afo/index.php/afo/article/download/745/729.html
https://afo.birdlife.org.au/afo/index.php/afo/article/download/1026/1998,200,application/pdf,1288663,raw/afo/index.php/afo/article/download/1026/1998.html
https://afo.birdlife.org.au/afo/index.php/afo/article/download/747/731,200,application/pdf,809804,raw/afo/index.php/afo/article/download/747/731.html
https://afo.birdlife.org.au/afo/index.php/afo/article/download/748/732,200,application/pdf,1341811,raw/afo/index.php/afo/article/download/748/732.html
https://afo.birdlife.org.au/afo/index.php/afo/article/download/749/733,200,application/pdf,1331103,raw/afo/index.php/afo/article/download/749/733.html
https://afo.birdlife.org.au/afo/index.php/afo/article/download/750/734,200,application/pdf,1178244,raw/afo/index.php/afo/article/download/750/734.html
https://afo.birdlife.org.au/afo/index.php/afo/article/download/727/710,200,application/pdf,3852316,raw/afo/index.php/afo/article/download/727/710.html
https://afo.birdlife.org.au/afo/index.php/afo/article/download/729/712,200,application/pdf,4228595,raw/afo/index.php/afo/article/download/729/712.html
https://afo.birdlife.org.au/afo/index.php/afo/article/download/730/713,200,application/pdf,2942480,raw/afo/index.php/afo/article/download/730/713.html
https://afo.birdlife.org.au/afo/index.php/afo/article/download/731/714,200,application/pdf,4051301,raw/afo/index.php/afo/article/download/731/714.html
https://afo.birdlife.org.au/afo/index.php/afo/article/download/732/715,200,application/pdf,3443944,raw/afo/index.php/afo/article/download/732/715.html
https://afo.birdlife.org.au/afo/index.php/afo/article/download/733/716,200,application/pdf,6765799,raw/afo/index.php/afo/article/download/733/716.html
https://afo.birdlife.org.au/afo/index.php/afo/article/download/734/717,200,application/pdf,1681217,raw/afo/index.php/afo/article/download/734/717.html
https://afo.birdlife.org.au/afo/index.php/afo/article/download/735/718,200,application/pdf,1353066,raw/afo/index.php/afo/article/download/735/718.html
https://afo.birdlife.org.au/afo/index.php/afo/article/download/736/719,200,application/pdf,899000,raw/afo/index.php/afo/article/download/736/719.html
https://afo.birdlife.org.au/afo/index.php/afo/article/download/737/720,200,application/pdf,1742218,raw/afo/index.php/afo/article/download/737/720.html
https://afo.birdlife.org.au/afo/index.php/afo/article/download/738/721,200,application/pdf,1694324,raw/afo/index.php/afo/article/download/738/721.html
https://afo.birdlife.org.au/afo/index.php/afo/article/download/739/722,200,application/pdf,1262598,raw/afo/index.php/afo/article/download/739/722.html
https://afo.birdlife.org.au/afo/index.php/afo/article/download/740/723,200,application/pdf,3408033,raw/afo/index.php/afo/article/download/740/723.html
https://afo.birdlife.org.au/afo/index.php/afo/article/download/720/704,200,application/pdf,2686287,raw/afo/index.php/afo/article/download/720/704.html
https://afo.birdlife.org.au/afo/index.php/afo/article/download/721/705,200,application/pdf,4513045,raw/afo/index.php/afo/article/download/721/705.html
https://afo.birdlife.org.au/afo/index.php/afo/article/download/722/706,200,application/pdf,3485669,raw/afo/index.php/afo/article/download/722/706.html
https://afo.birdlife.org.au/afo/index.php/afo/article/download/723/707,200,application/pdf,2388052,raw/afo/index.php/afo/article/download/723/707.html
https://afo.birdlife.org.au/afo/index.php/afo/article/download/724/708,200,application/pdf,820897,raw/afo/index.php/afo/article/download/724/708.html
https://afo.birdlife.org.au/afo/index.php/afo/article/download/725/709,200,application/pdf,1841948,raw/afo/index.php/afo/article/download/725/709.html
https://afo.birdlife.org.au/afo/index.php/afo/article/download/726/1999,200,application/pdf,1050391,raw/afo/index.php/afo/article/download/726/1999.html
https://afo.birdlife.org.au/afo/index.php/afo/article/download/728/711,200,application/pdf,4554345,raw/afo/index.php/afo/article/download/728/711.html
https://afo.birdlife.org.au/afo/index.php/afo/article/download/787/769,200,application/pdf,4271459,raw/afo/index.php/afo/article/download/787/769.html
https://afo.birdlife.org.au/afo/index.php/afo/article/download/788/770,200,application/pdf,4176533,raw/afo/index.php/afo/article/download/788/770.html
https://afo.birdlife.org.au/afo/index.php/afo/article/download/789/771,200,application/pdf,4612341,raw/afo/index.php/afo/article/download/789/771.html
https://afo.birdlife.org.au/afo/index.php/afo/article/download/790/772,200,application/pdf,4371315,raw/afo/index.php/afo/article/download/790/772.html
https://afo.birdlife.org.au/afo/index.php/afo/article/download/791/773,200,application/pdf,1938190,raw/afo/index.php/afo/article/download/791/773.html
https://afo.birdlife.org.au/afo/index.php/afo/article/download/792/774,200,application/pdf,3437865,raw/afo/index.php/afo/article/download/792/774.html
https://afo.birdlife.org.au/afo/index.php/afo/article/download/793/775,200,application/pdf,2334585,raw/afo/index.php/afo/article/download/793/775.html
https://afo.birdlife.org.au/afo/index.php/afo/article/download/794/776,200,application/pdf,1268631,raw/afo/index.php/afo/article/download/794/776.html
https://afo.birdlife.org.au/afo/index.php/afo/article/download/795/777,200,application/pdf,2685847,raw/afo/index.php/afo/article/download/795/777.html
https://afo.birdlife.org.au/afo/index.php/afo/article/download/796/778,200,application/pdf,1219645,raw/afo/index.php/afo/article/download/796/778.html
https://afo.birdlife.org.au/afo/index.php/afo/article/download/797/779,200,application/pdf,1396318,raw/afo/index.php/afo/article/download/797/779.html
https://afo.birdlife.org.au/afo/index.php/afo/article/download/798/780,200,application/pdf,1206310,raw/afo/index.php/afo/article/download/798/780.html
https://afo.birdlife.org.au/afo/index.php/afo/article/download/799/781,200,application/pdf,913027,raw/afo/index.php/afo/article/download/799/781.html
https://afo.birdlife.org.au/afo/index.php/afo/article/download/780/762,200,application/pdf,4348625,raw/afo/index.php/afo/article/download/780/762.html
https://afo.birdlife.org.au/afo/index.php/afo/article/download/781/763,200,application/pdf,3483778,raw/afo/index.php/afo/article/download/781/763.html
https://afo.birdlife.org.au/afo/index.php/afo/article/download/782/764,200,application/pdf,1940373,raw/afo/index.php/afo/article/download/782/764.html
https://afo.birdlife.org.au/afo/index.php/afo/article/download/783/765,200,application/pdf,1551635,raw/afo/index.php/afo/article/download/783/765.html
https://afo.birdlife.org.au/afo/index.php/afo/article/download/784/766,200,application/pdf,556881,raw/afo/index.php/afo/article/download/784/766.html
https://afo.birdlife.org.au/afo/index.php/afo/article/download/785/767,200,application/pdf,2104763,raw/afo/index.php/afo/article/download/785/767.html
https://afo.birdlife.org.au/afo/index.php/afo/article/download/786/768,200,application/pdf,2156375,raw/afo/index.php/afo/article/download/786/768.html
https://afo.birdlife.org.au/afo/index.php/afo/article/download/771/753,200,application/pdf,4138419,raw/afo/index.php/afo/article/download/771/753.html
https://afo.birdlife.org.au/afo/index.php/afo/article/download/772/754,200,application/pdf,3265948,raw/afo/index.php/afo/article/download/772/754.html
https://afo.birdlife.org.au/afo/index.php/afo/article/download/773/755,200,application/pdf,3287889,raw/afo/index.php/afo/article/download/773/755.html
https://afo.birdlife.org.au/afo/index.php/afo/article/download/775/756,200,application/pdf,5845047,raw/afo/index.php/afo/article/download/775/756.html
https://afo.birdlife.org.au/afo/index.php/afo/article/download/776/757,200,application/pdf,5622998,raw/afo/index.php/afo/article/download/776/757.html
https://afo.birdlife.org.au/afo/index.php/afo/article/download/777/759,200,application/pdf,1289390,raw/afo/index.php/afo/article/download/777/759.html
https://afo.birdlife.org.au/afo/index.php/afo/article/download/778/760,200,application/pdf,813453,raw/afo/index.php/afo/article/download/778/760.html
https://afo.birdlife.org.au/afo/index.php/afo/article/download/779/761,200,application/pdf,3159355,raw/afo/index.php/afo/article/download/779/761.html
https://afo.birdlife.org.au/afo/index.php/afo/article/download/1027/1000,200,application/pdf,4828470,raw/afo/index.php/afo/article/download/1027/1000.html
https://afo.birdlife.org.au/afo/index.php/afo/article/download/762/745,200,application/pdf,1265935,raw/afo/index.php/afo/article/download/762/745.html
https://afo.birdlife.org.au/afo/index.php/afo/article/download/763/746,200,application/pdf,543313,raw/afo/index.php/afo/article/download/763/746.html
https://afo.birdlife.org.au/afo/index.php/afo/article/download/764/747,200,application/pdf,2344207,raw/afo/index.php/afo/article/download/764/747.html
https://afo.birdlife.org.au/afo/index.php/afo/article/download/765/748,200,application/pdf,1222714,raw/afo/index.php/afo/article/download/765/748.html
https://afo.birdlife.org.au/afo/index.php/afo/article/download/766/749,200,application/pdf,867398,raw/afo/index.php/afo/article/download/766/749.html
https://afo.birdlife.org.au/afo/index.php/afo/article/download/767/750,200,application/pdf,684639,raw/afo/index.php/afo/article/download/767/750.html
https://afo.birdlife.org.au/afo/index.php/afo/article/download/768/751,200,application/pdf,3764185,raw/afo/index.php/afo/article/download/768/751.html
https://afo.birdlife.org.au/afo/index.php/afo/article/download/769/1996,200,application/pdf,719569,raw/afo/index.php/afo/article/download/769/1996.html
https://afo.birdlife.org.au/afo/index.php/afo/article/download/770/752,200,application/pdf,1418203,raw/afo/index.php/afo/article/download/770/752.html
https://afo.birdlife.org.au/afo/index.php/afo/article/download/824/806,200,application/pdf,3664794,raw/afo/index.php/afo/article/download/824/806.html
https://afo.birdlife.org.au/afo/index.php/afo/article/download/825/807,200,application/pdf,5387603,raw/afo/index.php/afo/article/download/825/807.html
https://afo.birdlife.org.au/afo/index.php/afo/article/download/826/808,200,application/pdf,6138115,raw/afo/index.php/afo/article/download/826/808.html
https://afo.birdlife.org.au/afo/index.php/afo/article/download/827/809,200,application/pdf,3897816,raw/afo/index.php/afo/article/download/827/809.html
https://afo.birdlife.org.au/afo/index.php/afo/article/download/828/810,200,application/pdf,857459,raw/afo/index.php/afo/article/download/828/810.html
https://afo.birdlife.org.au/afo/index.php/afo/article/download/829/811,200,application/pdf,838211,raw/afo/index.php/afo/article/download/829/811.html
https://afo.birdlife.org.au/afo/index.php/afo/article/download/830/812,200,application/pdf,898816,raw/afo/index.php/afo/article/download/830/812.html
https://afo.birdlife.org.au/afo/index.php/afo/article/download/831/813,200,application/pdf,1584894,raw/afo/index.php/afo/article/download/831/813.html
https://afo.birdlife.org.au/afo/index.php/afo/article/download/832/814,200,application/pdf,565355,raw/afo/index.php/afo/article/download/832/814.html
https://afo.birdlife.org.au/afo/index.php/afo/article/download/833/815,200,application/pdf,624278,raw/afo/index.php/afo/article/download/833/815.html
https://afo.birdlife.org.au/afo/index.php/afo/article/download/816/798,200,application/pdf,2691583,raw/afo/index.php/afo/article/download/816/798.html
https://afo.birdlife.org.au/afo/index.php/afo/article/download/817/799,200,application/pdf,3746196,raw/afo/index.php/afo/article/download/817/799.html
https://afo.birdlife.org.au/afo/index.php/afo/article/download/818/800,200,application/pdf,1969890,raw/afo/index.php/afo/article/download/818/800.html
https://afo.birdlife.org.au/afo/index.php/afo/article/download/819/801,200,application/pdf,2946195,raw/afo/index.php/afo/article/download/819/801.html
https://afo.birdlife.org.au/afo/index.php/afo/article/download/820/802,200,application/pdf,3486222,raw/afo/index.php/afo/article/download/820/802.html
https://afo.birdlife.org.au/afo/index.php/afo/article/download/821/803,200,application/pdf,4284478,raw/afo/index.php/afo/article/download/821/803.html
https://afo.birdlife.org.au/afo/index.php/afo/article/download/822/804,200,application/pdf,389502,raw/afo/index.php/afo/article/download/822/804.html
https://afo.birdlife.org.au/afo/index.php/afo/article/download/823/805,200,application/pdf,646420,raw/afo/index.php/afo/article/download/823/805.html
https://afo.birdlife.org.au/afo/index.php/afo/article/download/808/790,200,application/pdf,6261559,raw/afo/index.php/afo/article/download/808/790.html
https://afo.birdlife.org.au/afo/index.php/afo/article/download/809/791,200,application/pdf,2172345,raw/afo/index.php/afo/article/download/809/791.html
https://afo.birdlife.org.au/afo/index.php/afo/article/download/810/792,200,application/pdf,1980852,raw/afo/index.php/afo/article/download/810/792.html
https://afo.birdlife.org.au/afo/index.php/afo/article/download/811/793,200,application/pdf,8183566,raw/afo/index.php/afo/article/download/811/793.html
https://afo.birdlife.org.au/afo/index.php/afo/article/download/812/794,200,application/pdf,4387382,raw/afo/index.php/afo/article/download/812/794.html
https://afo.birdlife.org.au/afo/index.php/afo/article/download/813/795,200,application/pdf,4009571,raw/afo/index.php/afo/article/download/813/795.html
https://afo.birdlife.org.au/afo/index.php/afo/article/download/814/796,200,application/pdf,717636,raw/afo/index.php/afo/article/download/814/796.html
https://afo.birdlife.org.au/afo/index.php/afo/article/download/815/797,200,application/pdf,1105002,raw/afo/index.php/afo/article/download/815/797.html
https://afo.birdlife.org.au/afo/index.php/afo/article/download/800/782,200,application/pdf,1707156,raw/afo/index.php/afo/article/download/800/782.html
https://afo.birdlife.org.au/afo/index.php/afo/article/download/801/783,200,application/pdf,3549999,raw/afo/index.php/afo/article/download/801/783.html
https://afo.birdlife.org.au/afo/index.php/afo/article/download/802/784,200,application/pdf,2975437,raw/afo/index.php/afo/article/download/802/784.html
https://afo.birdlife.org.au/afo/index.php/afo/article/download/803/785,200,application/pdf,4174424,raw/afo/index.php/afo/article/download/803/785.html
https://afo.birdlife.org.au/afo/index.php/afo/article/download/804/786,200,application/pdf,703706,raw/afo/index.php/afo/article/download/804/786.html
https://afo.birdlife.org.au/afo/index.php/afo/article/download/805/787,200,application/pdf,2020860,raw/afo/index.php/afo/article/download/805/787.html
https://afo.birdlife.org.au/afo/index.php/afo/article/download/806/788,200,application/pdf,1921072,raw/afo/index.php/afo/article/download/806/788.html
https://afo.birdlife.org.au/afo/index.php/afo/article/download/807/789,200,application/pdf,4467816,raw/afo/index.php/afo/article/download/807/789.html
https://afo.birdlife.org.au/afo/index.php/afo/article/download/864/845,200,application/pdf,3247253,raw/afo/index.php/afo/article/download/864/845.html
https://afo.birdlife.org.au/afo/index.php/afo/article/download/865/846,200,application/pdf,3359780,raw/afo/index.php/afo/article/download/865/846.html
https://afo.birdlife.org.au/afo/index.php/afo/article/download/866/847,200,application/pdf,4168950,raw/afo/index.php/afo/article/download/866/847.html
https://afo.birdlife.org.au/afo/index.php/afo/article/download/867/848,200,application/pdf,3325223,raw/afo/index.php/afo/article/download/867/848.html
https://afo.birdlife.org.au/afo/index.php/afo/article/download/868/849,200,application/pdf,1052721,raw/afo/index.php/afo/article/download/868/849.html
https://afo.birdlife.org.au/afo/index.php/afo/article/download/869/850,200,application/pdf,833978,raw/afo/index.php/afo/article/download/869/850.html
https://afo.birdlife.org.au/afo/index.php/afo/article/download/870/851,200,application/pdf,1051447,raw/afo/index.php/afo/article/download/870/851.html
https://afo.birdlife.org.au/afo/index.php/afo/article/download/871/852,200,application/pdf,836066,raw/afo/index.php/afo/article/download/871/852.html
https://afo.birdlife.org.au/afo/index.php/afo/article/download/872/853,200,application/pdf,1856768,raw/afo/index.php/afo/article/download/872/853.html
https://afo.birdlife.org.au/afo/index.php/afo/article/download/873/854,200,application/pdf,1055931,raw/afo/index.php/afo/article/download/873/854.html
https://afo.birdlife.org.au/afo/index.php/afo/article/download/874/855,200,application/pdf,1079788,raw/afo/index.php/afo/article/download/874/855.html
https://afo.birdlife.org.au/afo/index.php/afo/article/download/856/838,200,application/pdf,3055432,raw/afo/index.php/afo/article/download/856/838.html
https://afo.birdlife.org.au/afo/index.php/afo/article/download/857/839,200,application/pdf,3037948,raw/afo/index.php/afo/article/download/857/839.html
https://afo.birdlife.org.au/afo/index.php/afo/article/download/858/840,200,application/pdf,7945153,raw/afo/index.php/afo/article/download/858/840.html
https://afo.birdlife.org.au/afo/index.php/afo/article/download/859/841,200,application/pdf,843172,raw/afo/index.php/afo/article/download/859/841.html
https://afo.birdlife.org.au/afo/index.php/afo/article/download/860/842,200,application/pdf,595661,raw/afo/index.php/afo/article/download/860/842.html
https://afo.birdlife.org.au/afo/index.php/afo/article/download/861/843,200,application/pdf,604150,raw/afo/index.php/afo/article/download/861/843.html
https://afo.birdlife.org.au/afo/index.php/afo/article/download/862/1995,200,application/pdf,3111774,raw/afo/index.php/afo/article/download/862/1995.html
https://afo.birdlife.org.au/afo/index.php/afo/article/download/863/844,200,application/pdf,640097,raw/afo/index.php/afo/article/download/863/844.html
https://afo.birdlife.org.au/afo/index.php/afo/article/download/844/826,200,application/pdf,2738112,raw/afo/index.php/afo/article/download/844/826.html
https://afo.birdlife.org.au/afo/index.php/afo/article/download/845/827,200,application/pdf,623302,raw/afo/index.php/afo/article/download/845/827.html
https://afo.birdlife.org.au/afo/index.php/afo/article/download/846/828,200,application/pdf,2243011,raw/afo/index.php/afo/article/download/846/828.html
https://afo.birdlife.org.au/afo/index.php/afo/article/download/847/829,200,application/pdf,3581165,raw/afo/index.php/afo/article/download/847/829.html
https://afo.birdlife.org.au/afo/index.php/afo/article/download/848/830,200,application/pdf,2029360,raw/afo/index.php/afo/article/download/848/830.html
https://afo.birdlife.org.au/afo/index.php/afo/article/download/849/831,200,application/pdf,3703714,raw/afo/index.php/afo/article/download/849/831.html
https://afo.birdlife.org.au/afo/index.php/afo/article/download/850/832,200,application/pdf,3411265,raw/afo/index.php/afo/article/download/850/832.html
https://afo.birdlife.org.au/afo/index.php/afo/article/download/851/833,200,application/pdf,1689237,raw/afo/index.php/afo/article/download/851/833.html
https://afo.birdlife.org.au/afo/index.php/afo/article/download/852/834,200,application/pdf,979916,raw/afo/index.php/afo/article/download/852/834.html
https://afo.birdlife.org.au/afo/index.php/afo/article/download/854/836,200,application/pdf,997841,raw/afo/index.php/afo/article/download/854/836.html
https://afo.birdlife.org.au/afo/index.php/afo/article/download/855/837,200,application/pdf,2120271,raw/afo/index.php/afo/article/download/855/837.html
https://afo.birdlife.org.au/afo/index.php/afo/article/download/834/816,200,application/pdf,2410184,raw/afo/index.php/afo/article/download/834/816.html
https://afo.birdlife.org.au/afo/index.php/afo/article/download/835/817,200,application/pdf,3447312,raw/afo/index.php/afo/article/download/835/817.html
https://afo.birdlife.org.au/afo/index.php/afo/article/download/836/818,200,application/pdf,6083681,raw/afo/index.php/afo/article/download/836/818.html
https://afo.birdlife.org.au/afo/index.php/afo/article/download/837/819,200,application/pdf,2718286,raw/afo/index.php/afo/article/download/837/819.html
https://afo.birdlife.org.au/afo/index.php/afo/article/download/838/820,200,application/pdf,2711271,raw/afo/index.php/afo/article/download/838/820.html
https://afo.birdlife.org.au/afo/index.php/afo/article/download/839/821,200,application/pdf,1304236,raw/afo/index.php/afo/article/download/839/821.html
https://afo.birdlife.org.au/afo/index.php/afo/article/download/840/822,200,application/pdf,1285653,raw/afo/index.php/afo/article/download/840/822.html
https://afo.birdlife.org.au/afo/index.php/afo/article/download/841/823,200,application/pdf,781795,raw/afo/index.php/afo/article/download/841/823.html
https://afo.birdlife.org.au/afo/index.php/afo/article/download/842/824,200,application/pdf,871344,raw/afo/index.php/afo/article/download/842/824.html
https://afo.birdlife.org.au/afo/index.php/afo/article/download/843/825,200,application/pdf,1693068,raw/afo/index.php/afo/article/download/843/825.html
https://afo.birdlife.org.au/afo/index.php/afo/article/download/904/884,200,application/pdf,5256683,raw/afo/index.php/afo/article/download/904/884.html
https://afo.birdlife.org.au/afo/index.php/afo/article/download/905/885,200,application/pdf,3706479,raw/afo/index.php/afo/article/download/905/885.html
https://afo.birdlife.org.au/afo/index.php/afo/article/download/1982/1718,200,application/pdf,3304879,raw/afo/index.php/afo/article/download/1982/1718.html
https://afo.birdlife.org.au/afo/index.php/afo/article/download/907/886,200,application/pdf,3463903,raw/afo/index.php/afo/article/download/907/886.html
https://afo.birdlife.org.au/afo/index.php/afo/article/download/908/887,200,application/pdf,956732,raw/afo/index.php/afo/article/download/908/887.html
https://afo.birdlife.org.au/afo/index.php/afo/article/download/909/888,200,application/pdf,1152776,raw/afo/index.php/afo/article/download/909/888.html
https://afo.birdlife.org.au/afo/index.php/afo/article/download/910/889,200,application/pdf,2254549,raw/afo/index.php/afo/article/download/910/889.html
https://afo.birdlife.org.au/afo/index.php/afo/article/download/911/890,200,application/pdf,2053340,raw/afo/index.php/afo/article/download/911/890.html
https://afo.birdlife.org.au/afo/index.php/afo/article/download/912/891,200,application/pdf,780554,raw/afo/index.php/afo/article/download/912/891.html
https://afo.birdlife.org.au/afo/index.php/afo/article/download/894/874,200,application/pdf,3187415,raw/afo/index.php/afo/article/download/894/874.html
https://afo.birdlife.org.au/afo/index.php/afo/article/download/895/875,200,application/pdf,3431270,raw/afo/index.php/afo/article/download/895/875.html
https://afo.birdlife.org.au/afo/index.php/afo/article/download/896/876,200,application/pdf,4987797,raw/afo/index.php/afo/article/download/896/876.html
https://afo.birdlife.org.au/afo/index.php/afo/article/download/897/877,200,application/pdf,3084517,raw/afo/index.php/afo/article/download/897/877.html
https://afo.birdlife.org.au/afo/index.php/afo/article/download/898/878,200,application/pdf,3475042,raw/afo/index.php/afo/article/download/898/878.html
https://afo.birdlife.org.au/afo/index.php/afo/article/download/899/879,200,application/pdf,1478272,raw/afo/index.php/afo/article/download/899/879.html
https://afo.birdlife.org.au/afo/index.php/afo/article/download/900/880,200,application/pdf,2619879,raw/afo/index.php/afo/article/download/900/880.html
https://afo.birdlife.org.au/afo/index.php/afo/article/download/901/881,200,application/pdf,2004969,raw/afo/index.php/afo/article/download/901/881.html
https://afo.birdlife.org.au/afo/index.php/afo/article/download/902/882,200,application/pdf,2200257,raw/afo/index.php/afo/article/download/902/882.html
https://afo.birdlife.org.au/afo/index.php/afo/article/download/903/883,200,application/pdf,4005543,raw/afo/index.php/afo/article/download/903/883.html
https://afo.birdlife.org.au/afo/index.php/afo/article/download/885/866,200,application/pdf,4249678,raw/afo/index.php/afo/article/download/885/866.html
https://afo.birdlife.org.au/afo/index.php/afo/article/download/886/867,200,application/pdf,4015655,raw/afo/index.php/afo/article/download/886/867.html
https://afo.birdlife.org.au/afo/index.php/afo/article/download/887/868,200,application/pdf,4853527,raw/afo/index.php/afo/article/download/887/868.html
https://afo.birdlife.org.au/afo/index.php/afo/article/download/888/869,200,application/pdf,5119540,raw/afo/index.php/afo/article/download/888/869.html
https://afo.birdlife.org.au/afo/index.php/afo/article/download/889/870,200,application/pdf,1676160,raw/afo/index.php/afo/article/download/889/870.html
https://afo.birdlife.org.au/afo/index.php/afo/article/download/890/1994,200,application/pdf,983476,raw/afo/index.php/afo/article/download/890/1994.html
https://afo.birdlife.org.au/afo/index.php/afo/article/download/891/871,200,application/pdf,887429,raw/afo/index.php/afo/article/download/891/871.html
https://afo.birdlife.org.au/afo/index.php/afo/article/download/892/872,200,application/pdf,1003418,raw/afo/index.php/afo/article/download/892/872.html
https://afo.birdlife.org.au/afo/index.php/afo/article/download/893/873,200,application/pdf,1117817,raw/afo/index.php/afo/article/download/893/873.html
https://afo.birdlife.org.au/afo/index.php/afo/article/download/876/857,200,application/pdf,5240580,raw/afo/index.php/afo/article/download/876/857.html
https://afo.birdlife.org.au/afo/index.php/afo/article/download/877/858,200,application/pdf,3520008,raw/afo/index.php/afo/article/download/877/858.html
https://afo.birdlife.org.au/afo/index.php/afo/article/download/878/859,200,application/pdf,3928614,raw/afo/index.php/afo/article/download/878/859.html
https://afo.birdlife.org.au/afo/index.php/afo/article/download/879/860,200,application/pdf,1996924,raw/afo/index.php/afo/article/download/879/860.html
https://afo.birdlife.org.au/afo/index.php/afo/article/download/880/861,200,application/pdf,2057583,raw/afo/index.php/afo/article/download/880/861.html
https://afo.birdlife.org.au/afo/index.php/afo/article/download/881/862,200,application/pdf,1921508,raw/afo/index.php/afo/article/download/881/862.html
https://afo.birdlife.org.au/afo/index.php/afo/article/download/882/863,200,application/pdf,1921577,raw/afo/index.php/afo/article/download/882/863.html
https://afo.birdlife.org.au/afo/index.php/afo/article/download/883/864,200,application/pdf,900685,raw/afo/index.php/afo/article/download/883/864.html
https://afo.birdlife.org.au/afo/index.php/afo/article/download/884/865,200,application/pdf,3745295,raw/afo/index.php/afo/article/download/884/865.html
https://afo.birdlife.org.au/afo/index.php/afo/article/download/942/921,200,application/pdf,2085827,raw/afo/index.php/afo/article/download/942/921.html
https://afo.birdlife.org.au/afo/index.php/afo/article/download/943/922,200,application/pdf,1999205,raw/afo/index.php/afo/article/download/943/922.html
https://afo.birdlife.org.au/afo/index.php/afo/article/download/944/923,200,application/pdf,1675397,raw/afo/index.php/afo/article/download/944/923.html
https://afo.birdlife.org.au/afo/index.php/afo/article/download/945/1935,200,application/pdf,6223077,raw/afo/index.php/afo/article/download/945/1935.html
https://afo.birdlife.org.au/afo/index.php/afo/article/download/946/924,200,application/pdf,4177853,raw/afo/index.php/afo/article/download/946/924.html
https://afo.birdlife.org.au/afo/index.php/afo/article/download/947/925,200,application/pdf,2149902,raw/afo/index.php/afo/article/download/947/925.html
https://afo.birdlife.org.au/afo/index.php/afo/article/download/948/926,200,application/pdf,3087704,raw/afo/index.php/afo/article/download/948/926.html
https://afo.birdlife.org.au/afo/index.php/afo/article/download/949/927,200,application/pdf,1885103,raw/afo/index.php/afo/article/download/949/927.html
https://afo.birdlife.org.au/afo/index.php/afo/article/download/950/928,200,application/pdf,1987011,raw/afo/index.php/afo/article/download/950/928.html
https://afo.birdlife.org.au/afo/index.php/afo/article/download/931/910,200,application/pdf,3961992,raw/afo/index.php/afo/article/download/931/910.html
https://afo.birdlife.org.au/afo/index.php/afo/article/download/932/911,200,application/pdf,5279316,raw/afo/index.php/afo/article/download/932/911.html
https://afo.birdlife.org.au/afo/index.php/afo/article/download/933/912,200,application/pdf,3543161,raw/afo/index.php/afo/article/download/933/912.html
https://afo.birdlife.org.au/afo/index.php/afo/article/download/934/913,200,application/pdf,2106624,raw/afo/index.php/afo/article/download/934/913.html
https://afo.birdlife.org.au/afo/index.php/afo/article/download/935/914,200,application/pdf,2799077,raw/afo/index.php/afo/article/download/935/914.html
https://afo.birdlife.org.au/afo/index.php/afo/article/download/936/915,200,application/pdf,1997953,raw/afo/index.php/afo/article/download/936/915.html
https://afo.birdlife.org.au/afo/index.php/afo/article/download/937/916,200,application/pdf,3417684,raw/afo/index.php/afo/article/download/937/916.html
https://afo.birdlife.org.au/afo/index.php/afo/article/download/938/917,200,application/pdf,1925229,raw/afo/index.php/afo/article/download/938/917.html
https://afo.birdlife.org.au/afo/index.php/afo/article/download/939/918,200,application/pdf,1967876,raw/afo/index.php/afo/article/download/939/918.html
https://afo.birdlife.org.au/afo/index.php/afo/article/download/940/919,200,application/pdf,2210302,raw/afo/index.php/afo/article/download/940/919.html
https://afo.birdlife.org.au/afo/index.php/afo/article/download/941/920,200,application/pdf,1741678,raw/afo/index.php/afo/article/download/941/920.html
https://afo.birdlife.org.au/afo/index.php/afo/article/download/925/904,200,application/pdf,4952192,raw/afo/index.php/afo/article/download/925/904.html
https://afo.birdlife.org.au/afo/index.php/afo/article/download/926/905,200,application/pdf,2703235,raw/afo/index.php/afo/article/download/926/905.html
https://afo.birdlife.org.au/afo/index.php/afo/article/download/927/906,200,application/pdf,6933603,raw/afo/index.php/afo/article/download/927/906.html
https://afo.birdlife.org.au/afo/index.php/afo/article/download/928/907,200,application/pdf,2017758,raw/afo/index.php/afo/article/download/928/907.html
https://afo.birdlife.org.au/afo/index.php/afo/article/download/929/908,200,application/pdf,2017758,raw/afo/index.php/afo/article/download/929/908.html
https://afo.birdlife.org.au/afo/index.php/afo/article/download/930/909,200,application/pdf,909532,raw/afo/index.php/afo/article/download/930/909.html
https://afo.birdlife.org.au/afo/index.php/afo/article/download/913/892,200,application/pdf,5024246,raw/afo/index.php/afo/article/download/913/892.html
https://afo.birdlife.org.au/afo/index.php/afo/article/download/914/893,200,application/pdf,3824962,raw/afo/index.php/afo/article/download/914/893.html
https://afo.birdlife.org.au/afo/index.php/afo/article/download/915/894,200,application/pdf,2537199,raw/afo/index.php/afo/article/download/915/894.html
https://afo.birdlife.org.au/afo/index.php/afo/article/download/916/895,200,application/pdf,2167118,raw/afo/index.php/afo/article/download/916/895.html
https://afo.birdlife.org.au/afo/index.php/afo/article/download/917/896,200,application/pdf,1033851,raw/afo/index.php/afo/article/download/917/896.html
https://afo.birdlife.org.au/afo/index.php/afo/article/download/918/897,200,application/pdf,1163276,raw/afo/index.php/afo/article/download/918/897.html
https://afo.birdlife.org.au/afo/index.php/afo/article/download/919/898,200,application/pdf,2546592,raw/afo/index.php/afo/article/download/919/898.html
https://afo.birdlife.org.au/afo/index.php/afo/article/download/920/899,200,application/pdf,4734968,raw/afo/index.php/afo/article/download/920/899.html
https://afo.birdlife.org.au/afo/index.php/afo/article/download/921/900,200,application/pdf,2168281,raw/afo/index.php/afo/article/download/921/900.html
https://afo.birdlife.org.au/afo/index.php/afo/article/download/922/901,200,application/pdf,1214173,raw/afo/index.php/afo/article/download/922/901.html
https://afo.birdlife.org.au/afo/index.php/afo/article/download/923/902,200,application/pdf,850455,raw/afo/index.php/afo/article/download/923/902.html
https://afo.birdlife.org.au/afo/index.php/afo/article/download/924/903,200,application/pdf,766439,raw/afo/index.php/afo/article/download/924/903.html
https://afo.birdlife.org.au/afo/index.php/afo/article/download/976/952,200,application/pdf,3752334,raw/afo/index.php/afo/article/download/976/952.html
https://afo.birdlife.org.au/afo/index.php/afo/article/download/977/953,200,application/pdf,3347223,raw/afo/index.php/afo/article/download/977/953.html
https://afo.birdlife.org.au/afo/index.php/afo/article/download/978/954,200,application/pdf,3653565,raw/afo/index.php/afo/article/download/978/954.html
https://afo.birdlife.org.au/afo/index.php/afo/article/download/979/1933,200,application/pdf,2328998,raw/afo/index.php/afo/article/download/979/1933.html
https://afo.birdlife.org.au/afo/index.php/afo/article/download/980/955,200,application/pdf,1264434,raw/afo/index.php/afo/article/download/980/955.html
https://afo.birdlife.org.au/afo/index.php/afo/article/download/981/956,200,application/pdf,1833929,raw/afo/index.php/afo/article/download/981/956.html
https://afo.birdlife.org.au/afo/index.php/afo/article/download/982/2035,200,application/pdf,1346176,raw/afo/index.php/afo/article/download/982/2035.html
https://afo.birdlife.org.au/afo/index.php/afo/article/download/983/958,200,application/pdf,3392072,raw/afo/index.php/afo/article/download/983/958.html
https://afo.birdlife.org.au/afo/index.php/afo/article/download/984/959,200,application/pdf,3424903,raw/afo/index.php/afo/article/download/984/959.html
https://afo.birdlife.org.au/afo/index.php/afo/article/download/969/945,200,application/pdf,2023740,raw/afo/index.php/afo/article/download/969/945.html
https://afo.birdlife.org.au/afo/index.php/afo/article/download/970/946,200,application/pdf,1814729,raw/afo/index.php/afo/article/download/970/946.html
https://afo.birdlife.org.au/afo/index.php/afo/article/download/971/947,200,application/pdf,1208786,raw/afo/index.php/afo/article/download/971/947.html
https://afo.birdlife.org.au/afo/index.php/afo/article/download/972/948,200,application/pdf,1016504,raw/afo/index.php/afo/article/download/972/948.html
https://afo.birdlife.org.au/afo/index.php/afo/article/download/973/949,200,application/pdf,2357168,raw/afo/index.php/afo/article/download/973/949.html
https://afo.birdlife.org.au/afo/index.php/afo/article/download/974/950,200,application/pdf,970685,raw/afo/index.php/afo/article/download/974/950.html
https://afo.birdlife.org.au/afo/index.php/afo/article/download/975/951,200,application/pdf,577628,raw/afo/index.php/afo/article/download/975/951.html
https://afo.birdlife.org.au/afo/index.php/afo/article/download/958/935,200,application/pdf,3176198,raw/afo/index.php/afo/article/download/958/935.html
https://afo.birdlife.org.au/afo/index.php/afo/article/download/959/936,200,application/pdf,2279029,raw/afo/index.php/afo/article/download/959/936.html
https://afo.birdlife.org.au/afo/index.php/afo/article/download/960/937,200,application/pdf,4479918,raw/afo/index.php/afo/article/download/960/937.html
https://afo.birdlife.org.au/afo/index.php/afo/article/download/961/938,200,application/pdf,3220096,raw/afo/index.php/afo/article/download/961/938.html
https://afo.birdlife.org.au/afo/index.php/afo/article/download/962/939,200,application/pdf,3166362,raw/afo/index.php/afo/article/download/962/939.html
https://afo.birdlife.org.au/afo/index.php/afo/article/download/963/940,200,application/pdf,2221038,raw/afo/index.php/afo/article/download/963/940.html
https://afo.birdlife.org.au/afo/index.php/afo/article/download/964/941,200,application/pdf,2056342,raw/afo/index.php/afo/article/download/964/941.html
https://afo.birdlife.org.au/afo/index.php/afo/article/download/965/942,200,application/pdf,956786,raw/afo/index.php/afo/article/download/965/942.html
https://afo.birdlife.org.au/afo/index.php/afo/article/download/966/943,200,application/pdf,1006604,raw/afo/index.php/afo/article/download/966/943.html
https://afo.birdlife.org.au/afo/index.php/afo/article/download/967/944,200,application/pdf,1006604,raw/afo/index.php/afo/article/download/967/944.html
https://afo.birdlife.org.au/afo/index.php/afo/article/download/951/929,200,application/pdf,3410298,raw/afo/index.php/afo/article/download/951/929.html
https://afo.birdlife.org.au/afo/index.php/afo/article/download/952/930,200,application/pdf,3347854,raw/afo/index.php/afo/article/download/952/930.html
https://afo.birdlife.org.au/afo/index.php/afo/article/download/953/931,200,application/pdf,4624904,raw/afo/index.php/afo/article/download/953/931.html
https://afo.birdlife.org.au/afo/index.php/afo/article/download/954/932,200,application/pdf,3105118,raw/afo/index.php/afo/article/download/954/932.html
https://afo.birdlife.org.au/afo/index.php/afo/article/download/955/933,200,application/pdf,2115754,raw/afo/index.php/afo/article/download/955/933.html
https://afo.birdlife.org.au/afo/index.php/afo/article/download/956/1934,200,application/pdf,2259101,raw/afo/index.php/afo/article/download/956/1934.html
https://afo.birdlife.org.au/afo/index.php/afo/article/download/957/934,200,application/pdf,4035009,raw/afo/index.php/afo/article/download/957/934.html
https://afo.birdlife.org.au/afo/index.php/afo/article/download/1016/991,200,application/pdf,2997456,raw/afo/index.php/afo/article/download/1016/991.html
https://afo.birdlife.org.au/afo/index.php/afo/article/download/1017/992,200,application/pdf,2433602,raw/afo/index.php/afo/article/download/1017/992.html
https://afo.birdlife.org.au/afo/index.php/afo/article/download/1018/993,200,application/pdf,5129898,raw/afo/index.php/afo/article/download/1018/993.html
https://afo.birdlife.org.au/afo/index.php/afo/article/download/1019/1932,200,application/pdf,1842377,raw/afo/index.php/afo/article/download/1019/1932.html
https://afo.birdlife.org.au/afo/index.php/afo/article/download/1020/994,200,application/pdf,3188698,raw/afo/index.php/afo/article/download/1020/994.html
https://afo.birdlife.org.au/afo/index.php/afo/article/download/1021/995,200,application/pdf,2986109,raw/afo/index.php/afo/article/download/1021/995.html
https://afo.birdlife.org.au/afo/index.php/afo/article/download/1022/996,200,application/pdf,1988456,raw/afo/index.php/afo/article/download/1022/996.html
https://afo.birdlife.org.au/afo/index.php/afo/article/download/1023/997,200,application/pdf,1400106,raw/afo/index.php/afo/article/download/1023/997.html
https://afo.birdlife.org.au/afo/index.php/afo/article/download/1024/998,200,application/pdf,3074018,raw/afo/index.php/afo/article/download/1024/998.html
https://afo.birdlife.org.au/afo/index.php/afo/article/download/1025/999,200,application/pdf,968246,raw/afo/index.php/afo/article/download/1025/999.html
https://afo.birdlife.org.au/afo/index.php/afo/article/download/1009/984,200,application/pdf,4272384,raw/afo/index.php/afo/article/download/1009/984.html
https://afo.birdlife.org.au/afo/index.php/afo/article/download/1010/985,200,application/pdf,3819971,raw/afo/index.php/afo/article/download/1010/985.html
https://afo.birdlife.org.au/afo/index.php/afo/article/download/1011/986,200,application/pdf,1040939,raw/afo/index.php/afo/article/download/1011/986.html
https://afo.birdlife.org.au/afo/index.php/afo/article/download/1012/987,200,application/pdf,1001879,raw/afo/index.php/afo/article/download/1012/987.html
https://afo.birdlife.org.au/afo/index.php/afo/article/download/1013/988,200,application/pdf,1081904,raw/afo/index.php/afo/article/download/1013/988.html
https://afo.birdlife.org.au/afo/index.php/afo/article/download/1014/989,200,application/pdf,933589,raw/afo/index.php/afo/article/download/1014/989.html
https://afo.birdlife.org.au/afo/index.php/afo/article/download/1015/990,200,application/pdf,4419643,raw/afo/index.php/afo/article/download/1015/990.html
https://afo.birdlife.org.au/afo/index.php/afo/article/download/997/972,200,application/pdf,3765392,raw/afo/index.php/afo/article/download/997/972.html
https://afo.birdlife.org.au/afo/index.php/afo/article/download/998/973,200,application/pdf,1872477,raw/afo/index.php/afo/article/download/998/973.html
https://afo.birdlife.org.au/afo/index.php/afo/article/download/1000/975,200,application/pdf,1176082,raw/afo/index.php/afo/article/download/1000/975.html
https://afo.birdlife.org.au/afo/index.php/afo/article/download/1001/976,200,application/pdf,613225,raw/afo/index.php/afo/article/download/1001/976.html
https://afo.birdlife.org.au/afo/index.php/afo/article/download/1002/977,200,application/pdf,266022,raw/afo/index.php/afo/article/download/1002/977.html
https://afo.birdlife.org.au/afo/index.php/afo/article/download/1003/978,200,application/pdf,529861,raw/afo/index.php/afo/article/download/1003/978.html
https://afo.birdlife.org.au/afo/index.php/afo/article/download/1005/980,200,application/pdf,234596,raw/afo/index.php/afo/article/download/1005/980.html
https://afo.birdlife.org.au/afo/index.php/afo/article/download/1006/981,200,application/pdf,495672,raw/afo/index.php/afo/article/download/1006/981.html
https://afo.birdlife.org.au/afo/index.php/afo/article/download/1007/982,200,application/pdf,271709,raw/afo/index.php/afo/article/download/1007/982.html
https://afo.birdlife.org.au/afo/index.php/afo/article/download/1008/983,200,application/pdf,886170,raw/afo/index.php/afo/article/download/1008/983.html
https://afo.birdlife.org.au/afo/index.php/afo/article/download/985/960,200,application/pdf,4170570,raw/afo/index.php/afo/article/download/985/960.html
https://afo.birdlife.org.au/afo/index.php/afo/article/download/986/961,200,application/pdf,2668189,raw/afo/index.php/afo/article/download/986/961.html
https://afo.birdlife.org.au/afo/index.php/afo/article/download/987/962,200,application/pdf,3950725,raw/afo/index.php/afo/article/download/987/962.html
https://afo.birdlife.org.au/afo/index.php/afo/article/download/988/963,200,application/pdf,5002381,raw/afo/index.php/afo/article/download/988/963.html
https://afo.birdlife.org.au/afo/index.php/afo/article/download/989/964,200,application/pdf,2080372,raw/afo/index.php/afo/article/download/989/964.html
https://afo.birdlife.org.au/afo/index.php/afo/article/download/990/965,200,application/pdf,2080372,raw/afo/index.php/afo/article/download/990/965.html
https://afo.birdlife.org.au/afo/index.php/afo/article/download/991/966,200,application/pdf,1925309,raw/afo/index.php/afo/article/download/991/966.html
https://afo.birdlife.org.au/afo/index.php/afo/article/download/992/967,200,application/pdf,1713142,raw/afo/index.php/afo/article/download/992/967.html
https://afo.birdlife.org.au/afo/index.php/afo/article/download/993/968,200,application/pdf,2301102,raw/afo/index.php/afo/article/download/993/968.html
https://afo.birdlife.org.au/afo/index.php/afo/article/download/994/969,200,application/pdf,2223635,raw/afo/index.php/afo/article/download/994/969.html
https://afo.birdlife.org.au/afo/index.php/afo/article/download/995/970,200,application/pdf,2273667,raw/afo/index.php/afo/article/download/995/970.html
https://afo.birdlife.org.au/afo/index.php/afo/article/download/996/971,200,application/pdf,3216742,raw/afo/index.php/afo/article/download/996/971.html
https://afo.birdlife.org.au/afo/index.php/afo/article/download/1052/1025,200,application/pdf,4611706,raw/afo/index.php/afo/article/download/1052/1025.html
https://afo.birdlife.org.au/afo/index.php/afo/article/download/1053/1026,200,application/pdf,3170320,raw/afo/index.php/afo/article/download/1053/1026.html
https://afo.birdlife.org.au/afo/index.php/afo/article/download/1054/1027,200,application/pdf,2688735,raw/afo/index.php/afo/article/download/1054/1027.html
https://afo.birdlife.org.au/afo/index.php/afo/article/download/1055/1028,200,application/pdf,5965607,raw/afo/index.php/afo/article/download/1055/1028.html
https://afo.birdlife.org.au/afo/index.php/afo/article/download/1056/1029,200,application/pdf,1972270,raw/afo/index.php/afo/article/download/1056/1029.html
https://afo.birdlife.org.au/afo/index.php/afo/article/download/1057/1030,200,application/pdf,2030159,raw/afo/index.php/afo/article/download/1057/1030.html
https://afo.birdlife.org.au/afo/index.php/afo/article/download/1058/1931,200,application/pdf,970886,raw/afo/index.php/afo/article/download/1058/1931.html
https://afo.birdlife.org.au/afo/index.php/afo/article/download/1045/1018,200,application/pdf,3794205,raw/afo/index.php/afo/article/download/1045/1018.html
https://afo.birdlife.org.au/afo/index.php/afo/article/download/1046/1019,200,application/pdf,4115315,raw/afo/index.php/afo/article/download/1046/1019.html
https://afo.birdlife.org.au/afo/index.php/afo/article/download/1047/1020,200,application/pdf,3534165,raw/afo/index.php/afo/article/download/1047/1020.html
https://afo.birdlife.org.au/afo/index.php/afo/article/download/1048/1021,200,application/pdf,1973107,raw/afo/index.php/afo/article/download/1048/1021.html
https://afo.birdlife.org.au/afo/index.php/afo/article/download/1049/1022,200,application/pdf,2103447,raw/afo/index.php/afo/article/download/1049/1022.html
https://afo.birdlife.org.au/afo/index.php/afo/article/download/1050/1023,200,application/pdf,2244113,raw/afo/index.php/afo/article/download/1050/1023.html
https://afo.birdlife.org.au/afo/index.php/afo/article/download/1051/1024,200,application/pdf,1127442,raw/afo/index.php/afo/article/download/1051/1024.html
https://afo.birdlife.org.au/afo/index.php/afo/article/download/1034/1007,200,application/pdf,4258538,raw/afo/index.php/afo/article/download/1034/1007.html
https://afo.birdlife.org.au/afo/index.php/afo/article/download/1035/1008,200,application/pdf,2696379,raw/afo/index.php/afo/article/download/1035/1008.html
https://afo.birdlife.org.au/afo/index.php/afo/article/download/1036/1009,200,application/pdf,2882553,raw/afo/index.php/afo/article/download/1036/1009.html
https://afo.birdlife.org.au/afo/index.php/afo/article/download/1037/1010,200,application/pdf,2870988,raw/afo/index.php/afo/article/download/1037/1010.html
https://afo.birdlife.org.au/afo/index.php/afo/article/download/1038/1011,200,application/pdf,1180563,raw/afo/index.php/afo/article/download/1038/1011.html
https://afo.birdlife.org.au/afo/index.php/afo/article/download/1039/1012,200,application/pdf,2054812,raw/afo/index.php/afo/article/download/1039/1012.html
https://afo.birdlife.org.au/afo/index.php/afo/article/download/1040/1013,200,application/pdf,2054812,raw/afo/index.php/afo/article/download/1040/1013.html
https://afo.birdlife.org.au/afo/index.php/afo/article/download/1041/1014,200,application/pdf,3163003,raw/afo/index.php/afo/article/download/1041/1014.html
https://afo.birdlife.org.au/afo/index.php/afo/article/download/1042/1015,200,application/pdf,2093694,raw/afo/index.php/afo/article/download/1042/1015.html
https://afo.birdlife.org.au/afo/index.php/afo/article/download/1043/1016,200,application/pdf,1994278,raw/afo/index.php/afo/article/download/1043/1016.html
https://afo.birdlife.org.au/afo/index.php/afo/article/download/1044/1017,200,application/pdf,2073901,raw/afo/index.php/afo/article/download/1044/1017.html
https://afo.birdlife.org.au/afo/index.php/afo/article/download/1028/1001,200,application/pdf,4354817,raw/afo/index.php/afo/article/download/1028/1001.html
https://afo.birdlife.org.au/afo/index.php/afo/article/download/1029/1002,200,application/pdf,2051115,raw/afo/index.php/afo/article/download/1029/1002.html
https://afo.birdlife.org.au/afo/index.php/afo/article/download/1030/1003,200,application/pdf,5334689,raw/afo/index.php/afo/article/download/1030/1003.html
https://afo.birdlife.org.au/afo/index.php/afo/article/download/1031/1004,200,application/pdf,865414,raw/afo/index.php/afo/article/download/1031/1004.html
https://afo.birdlife.org.au/afo/index.php/afo/article/download/1032/1005,200,application/pdf,1678857,raw/afo/index.php/afo/article/download/1032/1005.html
https://afo.birdlife.org.au/afo/index.php/afo/article/download/1033/1006,200,application/pdf,3944624,raw/afo/index.php/afo/article/download/1033/1006.html
https://afo.birdlife.org.au/afo/index.php/afo/article/download/1090/1060,200,application/pdf,5189944,raw/afo/index.php/afo/article/download/1090/1060.html
https://afo.birdlife.org.au/afo/index.php/afo/article/download/1091/1061,200,application/pdf,1622269,raw/afo/index.php/afo/article/download/1091/1061.html
https://afo.birdlife.org.au/afo/index.php/afo/article/download/1092/1062,200,application/pdf,3486774,raw/afo/index.php/afo/article/download/1092/1062.html
https://afo.birdlife.org.au/afo/index.php/afo/article/download/1093/1063,200,application/pdf,3556604,raw/afo/index.php/afo/article/download/1093/1063.html
https://afo.birdlife.org.au/afo/index.php/afo/article/download/1094/1928,200,application/pdf,1889953,raw/afo/index.php/afo/article/download/1094/1928.html
https://afo.birdlife.org.au/afo/index.php/afo/article/download/1095/1064,200,application/pdf,934308,raw/afo/index.php/afo/article/download/1095/1064.html
https://afo.birdlife.org.au/afo/index.php/afo/article/download/1096/1065,200,application/pdf,2187881,raw/afo/index.php/afo/article/download/1096/1065.html
https://afo.birdlife.org.au/afo/index.php/afo/article/download/1097/1066,200,application/pdf,2187881,raw/afo/index.php/afo/article/download/1097/1066.html
https://afo.birdlife.org.au/afo/index.php/afo/article/download/1098/1067,200,application/pdf,2002396,raw/afo/index.php/afo/article/download/1098/1067.html
https://afo.birdlife.org.au/afo/index.php/afo/article/download/1099/1068,200,application/pdf,998840,raw/afo/index.php/afo/article/download/1099/1068.html
https://afo.birdlife.org.au/afo/index.php/afo/article/download/1078/1049,200,application/pdf,5993389,raw/afo/index.php/afo/article/download/1078/1049.html
https://afo.birdlife.org.au/afo/index.php/afo/article/download/1079/1050,200,application/pdf,2923602,raw/afo/index.php/afo/article/download/1079/1050.html
https://afo.birdlife.org.au/afo/index.php/afo/article/download/1080/1051,200,application/pdf,3527457,raw/afo/index.php/afo/article/download/1080/1051.html
https://afo.birdlife.org.au/afo/index.php/afo/article/download/1081/1052,200,application/pdf,3646574,raw/afo/index.php/afo/article/download/1081/1052.html
https://afo.birdlife.org.au/afo/index.php/afo/article/download/1082/1053,200,application/pdf,822758,raw/afo/index.php/afo/article/download/1082/1053.html
https://afo.birdlife.org.au/afo/index.php/afo/article/download/1083/1929,200,application/pdf,1151864,raw/afo/index.php/afo/article/download/1083/1929.html
https://afo.birdlife.org.au/afo/index.php/afo/article/download/1084/1054,200,application/pdf,1989238,raw/afo/index.php/afo/article/download/1084/1054.html
https://afo.birdlife.org.au/afo/index.php/afo/article/download/1085/1055,200,application/pdf,967669,raw/afo/index.php/afo/article/download/1085/1055.html
https://afo.birdlife.org.au/afo/index.php/afo/article/download/1086/1056,200,application/pdf,1856551,raw/afo/index.php/afo/article/download/1086/1056.html
https://afo.birdlife.org.au/afo/index.php/afo/article/download/1087/1057,200,application/pdf,895657,raw/afo/index.php/afo/article/download/1087/1057.html
https://afo.birdlife.org.au/afo/index.php/afo/article/download/1088/1058,200,application/pdf,872641,raw/afo/index.php/afo/article/download/1088/1058.html
https://afo.birdlife.org.au/afo/index.php/afo/article/download/1089/1059,200,application/pdf,834747,raw/afo/index.php/afo/article/download/1089/1059.html
https://afo.birdlife.org.au/afo/index.php/afo/article/download/1065/1037,200,application/pdf,2751726,raw/afo/index.php/afo/article/download/1065/1037.html
https://afo.birdlife.org.au/afo/index.php/afo/article/download/1066/1930,200,application/pdf,860742,raw/afo/index.php/afo/article/download/1066/1930.html
https://afo.birdlife.org.au/afo/index.php/afo/article/download/1067/1038,200,application/pdf,4770988,raw/afo/index.php/afo/article/download/1067/1038.html
https://afo.birdlife.org.au/afo/index.php/afo/article/download/1068/1039,200,application/pdf,6513373,raw/afo/index.php/afo/article/download/1068/1039.html
https://afo.birdlife.org.au/afo/index.php/afo/article/download/1069/1040,200,application/pdf,2125092,raw/afo/index.php/afo/article/download/1069/1040.html
https://afo.birdlife.org.au/afo/index.php/afo/article/download/1070/1041,200,application/pdf,955110,raw/afo/index.php/afo/article/download/1070/1041.html
https://afo.birdlife.org.au/afo/index.php/afo/article/download/1071/1042,200,application/pdf,2467437,raw/afo/index.php/afo/article/download/1071/1042.html
https://afo.birdlife.org.au/afo/index.php/afo/article/download/1072/1043,200,application/pdf,1355860,raw/afo/index.php/afo/article/download/1072/1043.html
https://afo.birdlife.org.au/afo/index.php/afo/article/download/1073/1044,200,application/pdf,871608,raw/afo/index.php/afo/article/download/1073/1044.html
https://afo.birdlife.org.au/afo/index.php/afo/article/download/1074/1045,200,application/pdf,2385663,raw/afo/index.php/afo/article/download/1074/1045.html
https://afo.birdlife.org.au/afo/index.php/afo/article/download/1075/1046,200,application/pdf,937691,raw/afo/index.php/afo/article/download/1075/1046.html
https://afo.birdlife.org.au/afo/index.php/afo/article/download/1076/1047,200,application/pdf,1963174,raw/afo/index.php/afo/article/download/1076/1047.html
https://afo.birdlife.org.au/afo/index.php/afo/article/download/1077/1048,200,application/pdf,1032364,raw/afo/index.php/afo/article/download/1077/1048.html
https://afo.birdlife.org.au/afo/index.php/afo/article/download/1060/1032,200,application/pdf,5268301,raw/afo/index.php/afo/article/download/1060/1032.html
https://afo.birdlife.org.au/afo/index.php/afo/article/download/1061/1033,200,application/pdf,7420639,raw/afo/index.php/afo/article/download/1061/1033.html
https://afo.birdlife.org.au/afo/index.php/afo/article/download/1062/1034,200,application/pdf,2686469,raw/afo/index.php/afo/article/download/1062/1034.html
https://afo.birdlife.org.au/afo/index.php/afo/article/download/1063/1035,200,application/pdf,3546577,raw/afo/index.php/afo/article/download/1063/1035.html
https://afo.birdlife.org.au/afo/index.php/afo/article/download/1064/1036,200,application/pdf,782059,raw/afo/index.php/afo/article/download/1064/1036.html
https://afo.birdlife.org.au/afo/index.php/afo/article/download/1126/1936,200,application/pdf,2705181,raw/afo/index.php/afo/article/download/1126/1936.html
https://afo.birdlife.org.au/afo/index.php/afo/article/download/1127/1937,200,application/pdf,1471839,raw/afo/index.php/afo/article/download/1127/1937.html
https://afo.birdlife.org.au/afo/index.php/afo/article/download/1128/1938,200,application/pdf,2622903,raw/afo/index.php/afo/article/download/1128/1938.html
https://afo.birdlife.org.au/afo/index.php/afo/article/download/1129/1939,200,application/pdf,1662389,raw/afo/index.php/afo/article/download/1129/1939.html
https://afo.birdlife.org.au/afo/index.php/afo/article/download/1130/1070,200,application/pdf,1332036,raw/afo/index.php/afo/article/download/1130/1070.html
https://afo.birdlife.org.au/afo/index.php/afo/article/download/1131/1071,200,application/pdf,2503976,raw/afo/index.php/afo/article/download/1131/1071.html
https://afo.birdlife.org.au/afo/index.php/afo/article/download/1132/1072,200,application/pdf,2698700,raw/afo/index.php/afo/article/download/1132/1072.html
https://afo.birdlife.org.au/afo/index.php/afo/article/download/1133/1073,200,application/pdf,2448992,raw/afo/index.php/afo/article/download/1133/1073.html
https://afo.birdlife.org.au/afo/index.php/afo/article/download/1134/1074,200,application/pdf,1493136,raw/afo/index.php/afo/article/download/1134/1074.html
https://afo.birdlife.org.au/afo/index.php/afo/article/download/1135/1075,200,application/pdf,1963824,raw/afo/index.php/afo/article/download/1135/1075.html
https://afo.birdlife.org.au/afo/index.php/afo/article/download/1136/1076,200,application/pdf,1041267,raw/afo/index.php/afo/article/download/1136/1076.html
https://afo.birdlife.org.au/afo/index.php/afo/article/download/1137/1077,200,application/pdf,964917,raw/afo/index.php/afo/article/download/1137/1077.html
https://afo.birdlife.org.au/afo/index.php/afo/article/download/1138/1078,200,application/pdf,962951,raw/afo/index.php/afo/article/download/1138/1078.html
https://afo.birdlife.org.au/afo/index.php/afo/article/download/1139/1079,200,application/pdf,1884021,raw/afo/index.php/afo/article/download/1139/1079.html
https://afo.birdlife.org.au/afo/index.php/afo/article/download/1140/1080,200,application/pdf,1407623,raw/afo/index.php/afo/article/download/1140/1080.html
https://afo.birdlife.org.au/afo/index.php/afo/article/download/1118/1940,200,application/pdf,1475887,raw/afo/index.php/afo/article/download/1118/1940.html
https://afo.birdlife.org.au/afo/index.php/afo/article/download/1119/1941,200,application/pdf,4556921,raw/afo/index.php/afo/article/download/1119/1941.html
https://afo.birdlife.org.au/afo/index.php/afo/article/download/1120/1942,200,application/pdf,4101268,raw/afo/index.php/afo/article/download/1120/1942.html
https://afo.birdlife.org.au/afo/index.php/afo/article/download/1121/1943,200,application/pdf,5358080,raw/afo/index.php/afo/article/download/1121/1943.html
https://afo.birdlife.org.au/afo/index.php/afo/article/download/1122/1944,200,application/pdf,2265540,raw/afo/index.php/afo/article/download/1122/1944.html
https://afo.birdlife.org.au/afo/index.php/afo/article/download/1123/1945,200,application/pdf,1780738,raw/afo/index.php/afo/article/download/1123/1945.html
https://afo.birdlife.org.au/afo/index.php/afo/article/download/1124/1946,200,application/pdf,1699388,raw/afo/index.php/afo/article/download/1124/1946.html
https://afo.birdlife.org.au/afo/index.php/afo/article/download/1125/1947,200,application/pdf,2616053,raw/afo/index.php/afo/article/download/1125/1947.html
https://afo.birdlife.org.au/afo/index.php/afo/article/download/1109/1948,200,application/pdf,2864170,raw/afo/index.php/afo/article/download/1109/1948.html
https://afo.birdlife.org.au/afo/index.php/afo/article/download/1110/1949,200,application/pdf,1734171,raw/afo/index.php/afo/article/download/1110/1949.html
https://afo.birdlife.org.au/afo/index.php/afo/article/download/1111/1950,200,application/pdf,2077538,raw/afo/index.php/afo/article/download/1111/1950.html
https://afo.birdlife.org.au/afo/index.php/afo/article/download/1112/1951,200,application/pdf,1939696,raw/afo/index.php/afo/article/download/1112/1951.html
https://afo.birdlife.org.au/afo/index.php/afo/article/download/1113/1952,200,application/pdf,2236006,raw/afo/index.php/afo/article/download/1113/1952.html
https://afo.birdlife.org.au/afo/index.php/afo/article/download/1114/1953,200,application/pdf,936278,raw/afo/index.php/afo/article/download/1114/1953.html
https://afo.birdlife.org.au/afo/index.php/afo/article/download/1115/1954,200,application/pdf,1864507,raw/afo/index.php/afo/article/download/1115/1954.html
https://afo.birdlife.org.au/afo/index.php/afo/article/download/1116/1955,200,application/pdf,2010032,raw/afo/index.php/afo/article/download/1116/1955.html
https://afo.birdlife.org.au/afo/index.php/afo/article/download/1117/1956,200,application/pdf,1818954,raw/afo/index.php/afo/article/download/1117/1956.html
https://afo.birdlife.org.au/afo/index.php/afo/article/download/1101/1957,200,application/pdf,4526366,raw/afo/index.php/afo/article/download/1101/1957.html
https://afo.birdlife.org.au/afo/index.php/afo/article/download/1102/1958,200,application/pdf,2478596,raw/afo/index.php/afo/article/download/1102/1958.html
https://afo.birdlife.org.au/afo/index.php/afo/article/download/1103/1959,200,application/pdf,3409043,raw/afo/index.php/afo/article/download/1103/1959.html
https://afo.birdlife.org.au/afo/index.php/afo/article/download/1104/1960,200,application/pdf,5618474,raw/afo/index.php/afo/article/download/1104/1960.html
https://afo.birdlife.org.au/afo/index.php/afo/article/download/1105/1961,200,application/pdf,1526521,raw/afo/index.php/afo/article/download/1105/1961.html
https://afo.birdlife.org.au/afo/index.php/afo/article/download/1106/1962,200,application/pdf,987541,raw/afo/index.php/afo/article/download/1106/1962.html
https://afo.birdlife.org.au/afo/index.php/afo/article/download/1107/1963,200,application/pdf,1929564,raw/afo/index.php/afo/article/download/1107/1963.html
https://afo.birdlife.org.au/afo/index.php/afo/article/download/1164/1965,200,application/pdf,4461264,raw/afo/index.php/afo/article/download/1164/1965.html
https://afo.birdlife.org.au/afo/index.php/afo/article/download/1165/1964,200,application/pdf,2472309,raw/afo/index.php/afo/article/download/1165/1964.html
https://afo.birdlife.org.au/afo/index.php/afo/article/download/1166/1966,200,application/pdf,3329226,raw/afo/index.php/afo/article/download/1166/1966.html
https://afo.birdlife.org.au/afo/index.php/afo/article/download/1167/1967,200,application/pdf,2709090,raw/afo/index.php/afo/article/download/1167/1967.html
https://afo.birdlife.org.au/afo/index.php/afo/article/download/1168/1968,200,application/pdf,1787468,raw/afo/index.php/afo/article/download/1168/1968.html
https://afo.birdlife.org.au/afo/index.php/afo/article/download/1169/1969,200,application/pdf,2742747,raw/afo/index.php/afo/article/download/1169/1969.html
https://afo.birdlife.org.au/afo/index.php/afo/article/download/1170/1970,200,application/pdf,5003845,raw/afo/index.php/afo/article/download/1170/1970.html
https://afo.birdlife.org.au/afo/index.php/afo/article/download/1171/1971,200,application/pdf,892354,raw/afo/index.php/afo/article/download/1171/1971.html
https://afo.birdlife.org.au/afo/index.php/afo/article/download/1172/1972,200,application/pdf,1691183,raw/afo/index.php/afo/article/download/1172/1972.html
https://afo.birdlife.org.au/afo/index.php/afo/article/download/1161/1973,200,application/pdf,3249402,raw/afo/index.php/afo/article/download/1161/1973.html
https://afo.birdlife.org.au/afo/index.php/afo/article/download/1162/1974,200,application/pdf,6617548,raw/afo/index.php/afo/article/download/1162/1974.html
https://afo.birdlife.org.au/afo/index.php/afo/article/download/1163/1975,200,application/pdf,3566689,raw/afo/index.php/afo/article/download/1163/1975.html
https://afo.birdlife.org.au/afo/index.php/afo/article/download/1151/1976,200,application/pdf,5020162,raw/afo/index.php/afo/article/download/1151/1976.html
https://afo.birdlife.org.au/afo/index.php/afo/article/download/1152/1977,200,application/pdf,2853920,raw/afo/index.php/afo/article/download/1152/1977.html
https://afo.birdlife.org.au/afo/index.php/afo/article/download/1153/1978,200,application/pdf,1639149,raw/afo/index.php/afo/article/download/1153/1978.html
https://afo.birdlife.org.au/afo/index.php/afo/article/download/1154/1979,200,application/pdf,1997167,raw/afo/index.php/afo/article/download/1154/1979.html
https://afo.birdlife.org.au/afo/index.php/afo/article/download/1155/1980,200,application/pdf,3838910,raw/afo/index.php/afo/article/download/1155/1980.html
https://afo.birdlife.org.au/afo/index.php/afo/article/download/1156/1981,200,application/pdf,2530165,raw/afo/index.php/afo/article/download/1156/1981.html
https://afo.birdlife.org.au/afo/index.php/afo/article/download/1157/1982,200,application/pdf,1550313,raw/afo/index.php/afo/article/download/1157/1982.html
https://afo.birdlife.org.au/afo/index.php/afo/article/download/1158/1983,200,application/pdf,1451295,raw/afo/index.php/afo/article/download/1158/1983.html
https://afo.birdlife.org.au/afo/index.php/afo/article/download/1159/1984,200,application/pdf,1817423,raw/afo/index.php/afo/article/download/1159/1984.html
https://afo.birdlife.org.au/afo/index.php/afo/article/download/1160/1985,200,application/pdf,1805513,raw/afo/index.php/afo/article/download/1160/1985.html
https://afo.birdlife.org.au/afo/index.php/afo/article/download/1141/1081,200,application/pdf,5191609,raw/afo/index.php/afo/article/download/1141/1081.html
https://afo.birdlife.org.au/afo/index.php/afo/article/download/1142/1082,200,application/pdf,3730000,raw/afo/index.php/afo/article/download/1142/1082.html
https://afo.birdlife.org.au/afo/index.php/afo/article/download/1143/1083,200,application/pdf,2380447,raw/afo/index.php/afo/article/download/1143/1083.html
https://afo.birdlife.org.au/afo/index.php/afo/article/download/1144/1084,200,application/pdf,2244608,raw/afo/index.php/afo/article/download/1144/1084.html
https://afo.birdlife.org.au/afo/index.php/afo/article/download/1145/1986,200,application/pdf,2808125,raw/afo/index.php/afo/article/download/1145/1986.html
https://afo.birdlife.org.au/afo/index.php/afo/article/download/1147/1987,200,application/pdf,766815,raw/afo/index.php/afo/article/download/1147/1987.html
https://afo.birdlife.org.au/afo/index.php/afo/article/download/1148/1988,200,application/pdf,832560,raw/afo/index.php/afo/article/download/1148/1988.html
https://afo.birdlife.org.au/afo/index.php/afo/article/download/1149/1989,200,application/pdf,1675310,raw/afo/index.php/afo/article/download/1149/1989.html
https://afo.birdlife.org.au/afo/index.php/afo/article/download/1150/1990,200,application/pdf,1610324,raw/afo/index.php/afo/article/download/1150/1990.html
https://afo.birdlife.org.au/afo/index.php/afo/article/download/1193/1105,200,application/pdf,4921513,raw/afo/index.php/afo/article/download/1193/1105.html
https://afo.birdlife.org.au/afo/index.php/afo/article/download/1194/1106,200,application/pdf,2662974,raw/afo/index.php/afo/article/download/1194/1106.html
https://afo.birdlife.org.au/afo/index.php/afo/article/download/1195/1107,200,application/pdf,3795186,raw/afo/index.php/afo/article/download/1195/1107.html
https://afo.birdlife.org.au/afo/index.php/afo/article/download/1196/1108,200,application/pdf,1750532,raw/afo/index.php/afo/article/download/1196/1108.html
https://afo.birdlife.org.au/afo/index.php/afo/article/download/1197/1109,200,application/pdf,811209,raw/afo/index.php/afo/article/download/1197/1109.html
https://afo.birdlife.org.au/afo/index.php/afo/article/download/1198/1110,200,application/pdf,4552273,raw/afo/index.php/afo/article/download/1198/1110.html
https://afo.birdlife.org.au/afo/index.php/afo/article/download/1199/1111,200,application/pdf,3256268,raw/afo/index.php/afo/article/download/1199/1111.html
https://afo.birdlife.org.au/afo/index.php/afo/article/download/1200/1112,200,application/pdf,2839347,raw/afo/index.php/afo/article/download/1200/1112.html
https://afo.birdlife.org.au/afo/index.php/afo/article/download/1201/1113,200,application/pdf,1524113,raw/afo/index.php/afo/article/download/1201/1113.html
https://afo.birdlife.org.au/afo/index.php/afo/article/download/1202/1114,200,application/pdf,796643,raw/afo/index.php/afo/article/download/1202/1114.html
https://afo.birdlife.org.au/afo/index.php/afo/article/download/1203/1115,200,application/pdf,929792,raw/afo/index.php/afo/article/download/1203/1115.html
https://afo.birdlife.org.au/afo/index.php/afo/article/download/1204/1991,200,application/pdf,1849793,raw/afo/index.php/afo/article/download/1204/1991.html
https://afo.birdlife.org.au/afo/index.php/afo/article/download/1205/1992,200,application/pdf,1641474,raw/afo/index.php/afo/article/download/1205/1992.html
https://afo.birdlife.org.au/afo/index.php/afo/article/download/1206/1993,200,application/pdf,759771,raw/afo/index.php/afo/article/download/1206/1993.html
https://afo.birdlife.org.au/afo/index.php/afo/article/download/1191/1103,200,application/pdf,2459869,raw/afo/index.php/afo/article/download/1191/1103.html
https://afo.birdlife.org.au/afo/index.php/afo/article/download/1192/1104,200,application/pdf,3431684,raw/afo/index.php/afo/article/download/1192/1104.html
https://afo.birdlife.org.au/afo/index.php/afo/article/download/1182/1094,200,application/pdf,3274523,raw/afo/index.php/afo/article/download/1182/1094.html
https://afo.birdlife.org.au/afo/index.php/afo/article/download/1183/1095,200,application/pdf,4254038,raw/afo/index.php/afo/article/download/1183/1095.html
https://afo.birdlife.org.au/afo/index.php/afo/article/download/1184/1096,200,application/pdf,1329263,raw/afo/index.php/afo/article/download/1184/1096.html
https://afo.birdlife.org.au/afo/index.php/afo/article/download/1185/1097,200,application/pdf,2455685,raw/afo/index.php/afo/article/download/1185/1097.html
https://afo.birdlife.org.au/afo/index.php/afo/article/download/1186/1098,200,application/pdf,3300076,raw/afo/index.php/afo/article/download/1186/1098.html
https://afo.birdlife.org.au/afo/index.php/afo/article/download/1187/1099,200,application/pdf,2812645,raw/afo/index.php/afo/article/download/1187/1099.html
https://afo.birdlife.org.au/afo/index.php/afo/article/download/1188/1100,200,application/pdf,3033626,raw/afo/index.php/afo/article/download/1188/1100.html
https://afo.birdlife.org.au/afo/index.php/afo/article/download/1189/1101,200,application/pdf,662159,raw/afo/index.php/afo/article/download/1189/1101.html
https://afo.birdlife.org.au/afo/index.php/afo/article/download/1190/1102,200,application/pdf,835626,raw/afo/index.php/afo/article/download/1190/1102.html
https://afo.birdlife.org.au/afo/index.php/afo/article/download/1174/1086,200,application/pdf,4196526,raw/afo/index.php/afo/article/download/1174/1086.html
